"","Method","PercentSampled","EquivalentPerGenRate","R_Squared"
"1",NA,NA,NA,NA
"2","Generation",0.01,0.1,0.79150545593992
"3","Generation",0.01,0.2,0.356337068687748
"4","Generation",0.01,0.5,0.671119242342909
"5","Generation",0.01,1,0.436186697698069
"6","Generation",0.01,2,0.42790229020444
"7","Generation",0.01,0.05,0.115778920455929
"8","Generation",0.01,0.15,0.265402121632042
"9","Generation",0.01,0.25,0.777644720471839
"10","Generation",0.01,0.75,0.831939489846534
"11","Generation",0.01,1.5,0.944460111762636
"12","Generation",0.01,3,0.885180126784306
"13","Clock Rate",0.01,0.1,0.773296089682972
"14","Clock Rate",0.01,0.2,0.415390804454015
"15","Clock Rate",0.01,0.5,0.879524720907943
"16","Clock Rate",0.01,1,0.760139463875386
"17","Clock Rate",0.01,2,0.946610774389089
"18","Clock Rate",0.01,0.05,0.195950222437656
"19","Clock Rate",0.01,0.15,0.734531480628816
"20","Clock Rate",0.01,0.25,0.7399647593454
"21","Clock Rate",0.01,0.75,0.775271650688875
"22","Clock Rate",0.01,1.5,0.962164289960098
"23","Clock Rate",0.01,3,0.990458029198824
"24","Generation",0.05,0.1,0.546975007207962
"25","Generation",0.05,0.2,0.521854095007777
"26","Generation",0.05,0.5,0.764231249356915
"27","Generation",0.05,1,0.663525978827415
"28","Generation",0.05,2,0.456621070370442
"29","Generation",0.05,0.05,0.252454774498446
"30","Generation",0.05,0.15,0.625031569453684
"31","Generation",0.05,0.25,0.656311916183187
"32","Generation",0.05,0.75,0.666352088917935
"33","Generation",0.05,1.5,0.845234812780312
"34","Generation",0.05,3,0.83886057593899
"35","Clock Rate",0.05,0.1,0.392619937854331
"36","Clock Rate",0.05,0.2,0.743109974816475
"37","Clock Rate",0.05,0.5,0.640953734313643
"38","Clock Rate",0.05,1,0.919540187108861
"39","Clock Rate",0.05,2,0.959168905830801
"40","Clock Rate",0.05,0.05,0.463213411227342
"41","Clock Rate",0.05,0.15,0.665771784018007
"42","Clock Rate",0.05,0.25,0.793952693590926
"43","Clock Rate",0.05,0.75,0.658046329224581
"44","Clock Rate",0.05,1.5,0.892025013183825
"45","Clock Rate",0.05,3,0.956644916555969
"46","Generation",0.1,0.1,0.45471610083154
"47","Generation",0.1,0.2,0.553552187650888
"48","Generation",0.1,0.5,0.779381754805885
"49","Generation",0.1,1,0.659608698443837
"50","Generation",0.1,2,0.473879697483691
"51","Generation",0.1,0.05,0.102622792931727
"52","Generation",0.1,0.15,0.198207078586686
"53","Generation",0.1,0.25,0.693743572069174
"54","Generation",0.1,0.75,0.758597849681839
"55","Generation",0.1,1.5,0.926806079207
"56","Generation",0.1,3,0.873356178758348
"57","Clock Rate",0.1,0.1,0.289477549872255
"58","Clock Rate",0.1,0.2,0.376409028689524
"59","Clock Rate",0.1,0.5,0.856791761462772
"60","Clock Rate",0.1,1,0.911022060758268
"61","Clock Rate",0.1,2,0.961008909710964
"62","Clock Rate",0.1,0.05,0.298303577103047
"63","Clock Rate",0.1,0.15,0.739566052273665
"64","Clock Rate",0.1,0.25,0.790155485740031
"65","Clock Rate",0.1,0.75,0.699883538186472
"66","Clock Rate",0.1,1.5,0.899500467150291
"67","Clock Rate",0.1,3,0.962077279449452
"68","Generation",0.2,0.1,0.497417711232172
"69","Generation",0.2,0.2,0.585677312321857
"70","Generation",0.2,0.5,0.766655040135516
"71","Generation",0.2,1,0.704849421747251
"72","Generation",0.2,2,0.452369403334784
"73","Generation",0.2,0.05,0.122361413815219
"74","Generation",0.2,0.15,0.300762499700754
"75","Generation",0.2,0.25,0.658730230498538
"76","Generation",0.2,0.75,0.795371506403801
"77","Generation",0.2,1.5,0.856881141449621
"78","Generation",0.2,3,0.819921715132157
"79","Clock Rate",0.2,0.1,0.202311638885568
"80","Clock Rate",0.2,0.2,0.435126292167821
"81","Clock Rate",0.2,0.5,0.827250162107184
"82","Clock Rate",0.2,1,0.88807313899033
"83","Clock Rate",0.2,2,0.953903721531978
"84","Clock Rate",0.2,0.05,0.327326945518796
"85","Clock Rate",0.2,0.15,0.749862131912468
"86","Clock Rate",0.2,0.25,0.777137058767411
"87","Clock Rate",0.2,0.75,0.734203824931479
"88","Clock Rate",0.2,1.5,0.940784913877296
"89","Clock Rate",0.2,3,0.960854987516671
"90","Generation",0.01,0.1,0.453905515219987
"91","Generation",0.01,0.2,0.186886792280654
"92","Generation",0.01,0.5,0.806170273472638
"93","Generation",0.01,1,0.854829067038026
"94","Generation",0.01,2,0.48033072687004
"95","Generation",0.01,0.05,0.048960319807948
"96","Generation",0.01,0.15,0.584914715882698
"97","Generation",0.01,0.25,0.00690764212967803
"98","Generation",0.01,0.75,0.848859191276039
"99","Generation",0.01,1.5,0.846859658852703
"100","Generation",0.01,3,0.92962000089452
"101","Clock Rate",0.01,0.1,0.56321242136748
"102","Clock Rate",0.01,0.2,0.811564869143922
"103","Clock Rate",0.01,0.5,0.494863957132017
"104","Clock Rate",0.01,1,0.890976316325998
"105","Clock Rate",0.01,2,0.984938416706908
"106","Clock Rate",0.01,0.05,0.513375442037102
"107","Clock Rate",0.01,0.15,0.319106079860365
"108","Clock Rate",0.01,0.25,0.906004815319271
"109","Clock Rate",0.01,0.75,0.993203794984663
"110","Clock Rate",0.01,1.5,0.917588148400402
"111","Clock Rate",0.01,3,0.989433795699507
"112","Generation",0.05,0.1,0.298333176197516
"113","Generation",0.05,0.2,0.611218948748779
"114","Generation",0.05,0.5,0.481897676188412
"115","Generation",0.05,1,0.735632172455441
"116","Generation",0.05,2,0.849755268221814
"117","Generation",0.05,0.05,0.457472494721987
"118","Generation",0.05,0.15,0.522670061695218
"119","Generation",0.05,0.25,0.525040359358062
"120","Generation",0.05,0.75,0.78472601349621
"121","Generation",0.05,1.5,0.816308239793029
"122","Generation",0.05,3,0.897746441492165
"123","Clock Rate",0.05,0.1,0.580993509830451
"124","Clock Rate",0.05,0.2,0.665763005225702
"125","Clock Rate",0.05,0.5,0.940100153020691
"126","Clock Rate",0.05,1,0.938042098901354
"127","Clock Rate",0.05,2,0.961270351720787
"128","Clock Rate",0.05,0.05,0.338758724123737
"129","Clock Rate",0.05,0.15,0.0760114608146833
"130","Clock Rate",0.05,0.25,0.907573013978915
"131","Clock Rate",0.05,0.75,0.923664153312004
"132","Clock Rate",0.05,1.5,0.977036122358694
"133","Clock Rate",0.05,3,0.988549377120136
"134","Generation",0.1,0.1,0.365251727806209
"135","Generation",0.1,0.2,0.656084801912203
"136","Generation",0.1,0.5,0.61183644285244
"137","Generation",0.1,1,0.838521612705955
"138","Generation",0.1,2,0.947880111906144
"139","Generation",0.1,0.05,0.306897784669195
"140","Generation",0.1,0.15,0.614878263124276
"141","Generation",0.1,0.25,0.681619655613936
"142","Generation",0.1,0.75,0.834864375716215
"143","Generation",0.1,1.5,0.757647157132067
"144","Generation",0.1,3,0.938540640750806
"145","Clock Rate",0.1,0.1,0.721297388786082
"146","Clock Rate",0.1,0.2,0.802173939619633
"147","Clock Rate",0.1,0.5,0.907004182155635
"148","Clock Rate",0.1,1,0.89445179575705
"149","Clock Rate",0.1,2,0.965770574399482
"150","Clock Rate",0.1,0.05,0.398834323684136
"151","Clock Rate",0.1,0.15,0.251930594607972
"152","Clock Rate",0.1,0.25,0.876661664285097
"153","Clock Rate",0.1,0.75,0.934604252315594
"154","Clock Rate",0.1,1.5,0.970261387209313
"155","Clock Rate",0.1,3,0.981819183119067
"156","Generation",0.2,0.1,0.433224247986257
"157","Generation",0.2,0.2,0.697944546530737
"158","Generation",0.2,0.5,0.576358781251761
"159","Generation",0.2,1,0.834120627850203
"160","Generation",0.2,2,0.910818680725747
"161","Generation",0.2,0.05,0.31232227148082
"162","Generation",0.2,0.15,0.529417538407211
"163","Generation",0.2,0.25,0.530914432633633
"164","Generation",0.2,0.75,0.779700096515956
"165","Generation",0.2,1.5,0.778429645444579
"166","Generation",0.2,3,0.907059127945533
"167","Clock Rate",0.2,0.1,0.677696222390655
"168","Clock Rate",0.2,0.2,0.77127304030237
"169","Clock Rate",0.2,0.5,0.907382456659315
"170","Clock Rate",0.2,1,0.883025870300917
"171","Clock Rate",0.2,2,0.965352642510886
"172","Clock Rate",0.2,0.05,0.261424795936417
"173","Clock Rate",0.2,0.15,0.0685455727344192
"174","Clock Rate",0.2,0.25,0.896114479198352
"175","Clock Rate",0.2,0.75,0.932755917369799
"176","Clock Rate",0.2,1.5,0.973542007947298
"177","Clock Rate",0.2,3,0.980589252346472
"178","Generation",0.01,0.1,0.54554218068819
"179","Generation",0.01,0.2,0.694737931032193
"180","Generation",0.01,0.5,0.664880145536912
"181","Generation",0.01,1,0.926572873048975
"182","Generation",0.01,2,0.91091502098683
"183","Generation",0.01,0.05,0.368357659217483
"184","Generation",0.01,0.15,0.629880936952615
"185","Generation",0.01,0.25,0.773556744634885
"186","Generation",0.01,0.75,0.960543294702897
"187","Generation",0.01,1.5,0.877712012764155
"188","Generation",0.01,3,0.955681663019837
"189","Clock Rate",0.01,0.1,0.771900716418225
"190","Clock Rate",0.01,0.2,0.570245215152733
"191","Clock Rate",0.01,0.5,0.796106235534005
"192","Clock Rate",0.01,1,0.961662279414646
"193","Clock Rate",0.01,2,0.966388728265476
"194","Clock Rate",0.01,0.05,0.717613999155939
"195","Clock Rate",0.01,0.15,0.650412324931001
"196","Clock Rate",0.01,0.25,0.791925064500718
"197","Clock Rate",0.01,0.75,0.973114641852321
"198","Clock Rate",0.01,1.5,0.964031828173199
"199","Clock Rate",0.01,3,0.977934265187333
"200","Generation",0.05,0.1,0.519404956655662
"201","Generation",0.05,0.2,0.691218929382281
"202","Generation",0.05,0.5,0.696368225690138
"203","Generation",0.05,1,0.928517673667102
"204","Generation",0.05,2,0.883494551633705
"205","Generation",0.05,0.05,0.375327789502981
"206","Generation",0.05,0.15,0.644001636782939
"207","Generation",0.05,0.25,0.786226078444071
"208","Generation",0.05,0.75,0.951145062229433
"209","Generation",0.05,1.5,0.836475630269284
"210","Generation",0.05,3,0.951020592107983
"211","Clock Rate",0.05,0.1,0.739450073096451
"212","Clock Rate",0.05,0.2,0.46981541280705
"213","Clock Rate",0.05,0.5,0.775136454981387
"214","Clock Rate",0.05,1,0.958372138965654
"215","Clock Rate",0.05,2,0.965181871962391
"216","Clock Rate",0.05,0.05,0.719835151002221
"217","Clock Rate",0.05,0.15,0.597576510618989
"218","Clock Rate",0.05,0.25,0.818700797702157
"219","Clock Rate",0.05,0.75,0.96658540534054
"220","Clock Rate",0.05,1.5,0.962550334963206
"221","Clock Rate",0.05,3,0.979463441823698
"222","Generation",0.1,0.1,0.526568359731315
"223","Generation",0.1,0.2,0.715842463930787
"224","Generation",0.1,0.5,0.728555608386964
"225","Generation",0.1,1,0.925919449350566
"226","Generation",0.1,2,0.893210695389471
"227","Generation",0.1,0.05,0.416764770326486
"228","Generation",0.1,0.15,0.663872752011487
"229","Generation",0.1,0.25,0.784945867906923
"230","Generation",0.1,0.75,0.949499384525908
"231","Generation",0.1,1.5,0.870193154579643
"232","Generation",0.1,3,0.951586578679046
"233","Clock Rate",0.1,0.1,0.743830877335119
"234","Clock Rate",0.1,0.2,0.475229269195678
"235","Clock Rate",0.1,0.5,0.772396324779888
"236","Clock Rate",0.1,1,0.96204327734383
"237","Clock Rate",0.1,2,0.966674290119948
"238","Clock Rate",0.1,0.05,0.746437672362549
"239","Clock Rate",0.1,0.15,0.59449999874213
"240","Clock Rate",0.1,0.25,0.818464167467582
"241","Clock Rate",0.1,0.75,0.96600432224426
"242","Clock Rate",0.1,1.5,0.961502501455915
"243","Clock Rate",0.1,3,0.981558813487686
"244","Generation",0.2,0.1,0.521896436276248
"245","Generation",0.2,0.2,0.707279504287274
"246","Generation",0.2,0.5,0.711298754171888
"247","Generation",0.2,1,0.930248536783601
"248","Generation",0.2,2,0.88653944327543
"249","Generation",0.2,0.05,0.411617638999124
"250","Generation",0.2,0.15,0.665001728527754
"251","Generation",0.2,0.25,0.776257963077226
"252","Generation",0.2,0.75,0.950547948677893
"253","Generation",0.2,1.5,0.868488239599174
"254","Generation",0.2,3,0.95035418520575
"255","Clock Rate",0.2,0.1,0.747515830543992
"256","Clock Rate",0.2,0.2,0.4960180984785
"257","Clock Rate",0.2,0.5,0.762612677172731
"258","Clock Rate",0.2,1,0.962742820263956
"259","Clock Rate",0.2,2,0.966383662041948
"260","Clock Rate",0.2,0.05,0.732819188397614
"261","Clock Rate",0.2,0.15,0.588199110903281
"262","Clock Rate",0.2,0.25,0.793120099185438
"263","Clock Rate",0.2,0.75,0.965854509377805
"264","Clock Rate",0.2,1.5,0.959774623902754
"265","Clock Rate",0.2,3,0.98129439058337
"266","Generation",0.01,0.1,0.823428566930307
"267","Generation",0.01,0.2,0.506656731800757
"268","Generation",0.01,0.5,0.874965405140939
"269","Generation",0.01,1,0.544567158266356
"270","Generation",0.01,2,0.7398898970384
"271","Generation",0.01,0.05,0.03857985137603
"272","Generation",0.01,0.15,0.687606642808271
"273","Generation",0.01,0.25,0.173730939716062
"274","Generation",0.01,0.75,0.806748486391948
"275","Generation",0.01,1.5,0.54745031886547
"276","Generation",0.01,3,0.704737939471805
"277","Clock Rate",0.01,0.1,0.195340188496395
"278","Clock Rate",0.01,0.2,0.109262266186694
"279","Clock Rate",0.01,0.5,0.817954719955435
"280","Clock Rate",0.01,1,0.867519045143161
"281","Clock Rate",0.01,2,0.963429254659924
"282","Clock Rate",0.01,0.05,0.133853163665256
"283","Clock Rate",0.01,0.15,0.735766904286517
"284","Clock Rate",0.01,0.25,0.500766900829422
"285","Clock Rate",0.01,0.75,0.968999965587585
"286","Clock Rate",0.01,1.5,0.91959672272416
"287","Clock Rate",0.01,3,0.88073152023642
"288","Generation",0.05,0.1,0.606055536334477
"289","Generation",0.05,0.2,0.650724453725881
"290","Generation",0.05,0.5,0.390851089669778
"291","Generation",0.05,1,0.605970825763335
"292","Generation",0.05,2,0.763040969251899
"293","Generation",0.05,0.05,0.0373392492395403
"294","Generation",0.05,0.15,0.445844209427874
"295","Generation",0.05,0.25,0.43530911998282
"296","Generation",0.05,0.75,0.732045809783993
"297","Generation",0.05,1.5,0.771324741075982
"298","Generation",0.05,3,0.738823448521241
"299","Clock Rate",0.05,0.1,0.225640609930353
"300","Clock Rate",0.05,0.2,0.506995845489271
"301","Clock Rate",0.05,0.5,0.742075431872403
"302","Clock Rate",0.05,1,0.849839360551962
"303","Clock Rate",0.05,2,0.976386686392945
"304","Clock Rate",0.05,0.05,0.0688301603645116
"305","Clock Rate",0.05,0.15,0.65533846512972
"306","Clock Rate",0.05,0.25,0.480402255202127
"307","Clock Rate",0.05,0.75,0.906680377106987
"308","Clock Rate",0.05,1.5,0.938487638519291
"309","Clock Rate",0.05,3,0.955799974393396
"310","Generation",0.1,0.1,0.682280915799211
"311","Generation",0.1,0.2,0.531947548316644
"312","Generation",0.1,0.5,0.405373537058866
"313","Generation",0.1,1,0.641396053259216
"314","Generation",0.1,2,0.787727852994171
"315","Generation",0.1,0.05,0.00101431233587758
"316","Generation",0.1,0.15,0.610457910281828
"317","Generation",0.1,0.25,0.479030590248471
"318","Generation",0.1,0.75,0.734112008998982
"319","Generation",0.1,1.5,0.762772155273787
"320","Generation",0.1,3,0.729475662585315
"321","Clock Rate",0.1,0.1,0.187091043954617
"322","Clock Rate",0.1,0.2,0.535198992247143
"323","Clock Rate",0.1,0.5,0.770721475897705
"324","Clock Rate",0.1,1,0.859673072841841
"325","Clock Rate",0.1,2,0.975915114268609
"326","Clock Rate",0.1,0.05,0.102074709833899
"327","Clock Rate",0.1,0.15,0.670121792359156
"328","Clock Rate",0.1,0.25,0.54859059642468
"329","Clock Rate",0.1,0.75,0.90203774817756
"330","Clock Rate",0.1,1.5,0.917227915626019
"331","Clock Rate",0.1,3,0.957257002477484
"332","Generation",0.2,0.1,0.614456091382823
"333","Generation",0.2,0.2,0.523167781739037
"334","Generation",0.2,0.5,0.471800965064471
"335","Generation",0.2,1,0.64729133049054
"336","Generation",0.2,2,0.787779621989019
"337","Generation",0.2,0.05,0.00353876854949759
"338","Generation",0.2,0.15,0.473932054644721
"339","Generation",0.2,0.25,0.535383697951879
"340","Generation",0.2,0.75,0.732282397873667
"341","Generation",0.2,1.5,0.761214985275145
"342","Generation",0.2,3,0.695525869970692
"343","Clock Rate",0.2,0.1,0.231492657912004
"344","Clock Rate",0.2,0.2,0.498309253274317
"345","Clock Rate",0.2,0.5,0.712005963309908
"346","Clock Rate",0.2,1,0.869036174749244
"347","Clock Rate",0.2,2,0.979054460456012
"348","Clock Rate",0.2,0.05,0.111457097503322
"349","Clock Rate",0.2,0.15,0.672456764263031
"350","Clock Rate",0.2,0.25,0.540951130615931
"351","Clock Rate",0.2,0.75,0.906964300252838
"352","Clock Rate",0.2,1.5,0.927493774393781
"353","Clock Rate",0.2,3,0.942818150549465
"354","Generation",0.01,0.1,0.728255383897782
"355","Generation",0.01,0.2,0.922671650281157
"356","Generation",0.01,0.5,0.917105579670775
"357","Generation",0.01,1,0.899734839145437
"358","Generation",0.01,2,0.951782166862535
"359","Generation",0.01,0.05,0.633362828550351
"360","Generation",0.01,0.15,0.878253675775583
"361","Generation",0.01,0.25,0.855822782747416
"362","Generation",0.01,0.75,0.832412698077043
"363","Generation",0.01,1.5,0.960856395686383
"364","Generation",0.01,3,0.967052099624172
"365","Clock Rate",0.01,0.1,0.851729850592104
"366","Clock Rate",0.01,0.2,0.828432603095841
"367","Clock Rate",0.01,0.5,0.973506770040449
"368","Clock Rate",0.01,1,0.9718000875075
"369","Clock Rate",0.01,2,0.967609943850452
"370","Clock Rate",0.01,0.05,0.868698084796672
"371","Clock Rate",0.01,0.15,0.91596838949764
"372","Clock Rate",0.01,0.25,0.917896581035991
"373","Clock Rate",0.01,0.75,0.976485026267666
"374","Clock Rate",0.01,1.5,0.963957881972498
"375","Clock Rate",0.01,3,0.994269589604751
"376","Generation",0.05,0.1,0.664854887498715
"377","Generation",0.05,0.2,0.93135020884874
"378","Generation",0.05,0.5,0.9247823140749
"379","Generation",0.05,1,0.902124461096296
"380","Generation",0.05,2,0.947990847296716
"381","Generation",0.05,0.05,0.705373058755654
"382","Generation",0.05,0.15,0.793912818661381
"383","Generation",0.05,0.25,0.840306182670422
"384","Generation",0.05,0.75,0.845367962398381
"385","Generation",0.05,1.5,0.9592730726282
"386","Generation",0.05,3,0.967106800151789
"387","Clock Rate",0.05,0.1,0.836122778131018
"388","Clock Rate",0.05,0.2,0.798240823397293
"389","Clock Rate",0.05,0.5,0.980131869004987
"390","Clock Rate",0.05,1,0.97194413353772
"391","Clock Rate",0.05,2,0.955990965976598
"392","Clock Rate",0.05,0.05,0.875879375619158
"393","Clock Rate",0.05,0.15,0.90864677937679
"394","Clock Rate",0.05,0.25,0.933040361836609
"395","Clock Rate",0.05,0.75,0.977680568447986
"396","Clock Rate",0.05,1.5,0.973967263158657
"397","Clock Rate",0.05,3,0.992983525886825
"398","Generation",0.1,0.1,0.695371729141717
"399","Generation",0.1,0.2,0.910639151205268
"400","Generation",0.1,0.5,0.916892511850423
"401","Generation",0.1,1,0.900356271434434
"402","Generation",0.1,2,0.939930608718096
"403","Generation",0.1,0.05,0.686985161467369
"404","Generation",0.1,0.15,0.802099174798817
"405","Generation",0.1,0.25,0.853745226778695
"406","Generation",0.1,0.75,0.841872109647976
"407","Generation",0.1,1.5,0.959390619502966
"408","Generation",0.1,3,0.962990686411041
"409","Clock Rate",0.1,0.1,0.833819160394409
"410","Clock Rate",0.1,0.2,0.79918480561304
"411","Clock Rate",0.1,0.5,0.979820407788456
"412","Clock Rate",0.1,1,0.975348545919016
"413","Clock Rate",0.1,2,0.96164387868252
"414","Clock Rate",0.1,0.05,0.867041318242261
"415","Clock Rate",0.1,0.15,0.921132483026799
"416","Clock Rate",0.1,0.25,0.942581907078333
"417","Clock Rate",0.1,0.75,0.978226009083664
"418","Clock Rate",0.1,1.5,0.970146658157817
"419","Clock Rate",0.1,3,0.994025366340345
"420","Generation",0.2,0.1,0.678520655883434
"421","Generation",0.2,0.2,0.902712392135611
"422","Generation",0.2,0.5,0.913894878783426
"423","Generation",0.2,1,0.900513468780332
"424","Generation",0.2,2,0.941609798695033
"425","Generation",0.2,0.05,0.698908058299569
"426","Generation",0.2,0.15,0.800917160530881
"427","Generation",0.2,0.25,0.842005299595237
"428","Generation",0.2,0.75,0.83932748179645
"429","Generation",0.2,1.5,0.955303454705404
"430","Generation",0.2,3,0.968542054850409
"431","Clock Rate",0.2,0.1,0.833717485878336
"432","Clock Rate",0.2,0.2,0.791438848360863
"433","Clock Rate",0.2,0.5,0.980241201145629
"434","Clock Rate",0.2,1,0.974597683318945
"435","Clock Rate",0.2,2,0.958801181957623
"436","Clock Rate",0.2,0.05,0.85241021978821
"437","Clock Rate",0.2,0.15,0.911596365594068
"438","Clock Rate",0.2,0.25,0.945388655986495
"439","Clock Rate",0.2,0.75,0.97822531430077
"440","Clock Rate",0.2,1.5,0.97246070264778
"441","Clock Rate",0.2,3,0.994057272903399
"442","Generation",0.01,0.1,0.050846995242402
"443","Generation",0.01,0.2,0.076698982334905
"444","Generation",0.01,0.5,0.192218931722796
"445","Generation",0.01,1,0.926266221249885
"446","Generation",0.01,2,0.679289866718678
"447","Generation",0.01,0.05,0.0266383864865957
"448","Generation",0.01,0.15,0.21540581548988
"449","Generation",0.01,0.25,0.183767776726716
"450","Generation",0.01,0.75,0.206281885052524
"451","Generation",0.01,1.5,0.850545690944729
"452","Generation",0.01,3,0.82412664928258
"453","Clock Rate",0.01,0.1,0.677733902815977
"454","Clock Rate",0.01,0.2,0.630107779022463
"455","Clock Rate",0.01,0.5,0.356147742968026
"456","Clock Rate",0.01,1,0.660433296381202
"457","Clock Rate",0.01,2,0.791824949947023
"458","Clock Rate",0.01,0.05,NA
"459","Clock Rate",0.01,0.15,0.742979528087361
"460","Clock Rate",0.01,0.25,0.490822085837699
"461","Clock Rate",0.01,0.75,0.66271157708491
"462","Clock Rate",0.01,1.5,0.723079315892727
"463","Clock Rate",0.01,3,0.977191585375108
"464","Generation",0.05,0.1,0.259130388436692
"465","Generation",0.05,0.2,0.532308309416726
"466","Generation",0.05,0.5,0.511789806167202
"467","Generation",0.05,1,0.467606904312957
"468","Generation",0.05,2,0.703745683572717
"469","Generation",0.05,0.05,0.0311219058840008
"470","Generation",0.05,0.15,0.326251691845521
"471","Generation",0.05,0.25,0.217083772522959
"472","Generation",0.05,0.75,0.472492674789158
"473","Generation",0.05,1.5,0.6848539208866
"474","Generation",0.05,3,0.847157390105906
"475","Clock Rate",0.05,0.1,0.798257434318815
"476","Clock Rate",0.05,0.2,0.411986519497458
"477","Clock Rate",0.05,0.5,0.671623932727575
"478","Clock Rate",0.05,1,0.843598141474641
"479","Clock Rate",0.05,2,0.791582685366307
"480","Clock Rate",0.05,0.05,0.0290859602126095
"481","Clock Rate",0.05,0.15,0.339038650310486
"482","Clock Rate",0.05,0.25,0.317023990290703
"483","Clock Rate",0.05,0.75,0.787608137122582
"484","Clock Rate",0.05,1.5,0.663349679644548
"485","Clock Rate",0.05,3,0.935737049975653
"486","Generation",0.1,0.1,0.271289312500849
"487","Generation",0.1,0.2,0.49885943827885
"488","Generation",0.1,0.5,0.621482654489473
"489","Generation",0.1,1,0.576241754717122
"490","Generation",0.1,2,0.599217811950525
"491","Generation",0.1,0.05,0.0205784874024522
"492","Generation",0.1,0.15,0.269981820805308
"493","Generation",0.1,0.25,0.306823713473997
"494","Generation",0.1,0.75,0.702701295287612
"495","Generation",0.1,1.5,0.684199625863651
"496","Generation",0.1,3,0.858862311781354
"497","Clock Rate",0.1,0.1,0.532642486902366
"498","Clock Rate",0.1,0.2,0.255817395547621
"499","Clock Rate",0.1,0.5,0.452528800019725
"500","Clock Rate",0.1,1,0.855716548268732
"501","Clock Rate",0.1,2,0.840794465403307
"502","Clock Rate",0.1,0.05,0.188714291378315
"503","Clock Rate",0.1,0.15,0.450211961346675
"504","Clock Rate",0.1,0.25,0.341467293246092
"505","Clock Rate",0.1,0.75,0.692986755122184
"506","Clock Rate",0.1,1.5,0.778884446638748
"507","Clock Rate",0.1,3,0.970091952081295
"508","Generation",0.2,0.1,0.383669277166415
"509","Generation",0.2,0.2,0.373589318077824
"510","Generation",0.2,0.5,0.600726406485372
"511","Generation",0.2,1,0.467794450595808
"512","Generation",0.2,2,0.51317516565909
"513","Generation",0.2,0.05,0.0466206750672677
"514","Generation",0.2,0.15,0.288602514025451
"515","Generation",0.2,0.25,0.180977178309501
"516","Generation",0.2,0.75,0.612383934755727
"517","Generation",0.2,1.5,0.661770264225207
"518","Generation",0.2,3,0.831011658338368
"519","Clock Rate",0.2,0.1,0.533492148016353
"520","Clock Rate",0.2,0.2,0.407304687232382
"521","Clock Rate",0.2,0.5,0.547016615511556
"522","Clock Rate",0.2,1,0.82661806985749
"523","Clock Rate",0.2,2,0.791197930399101
"524","Clock Rate",0.2,0.05,0.022814004664476
"525","Clock Rate",0.2,0.15,0.606758711373069
"526","Clock Rate",0.2,0.25,0.551579916402609
"527","Clock Rate",0.2,0.75,0.710019653292228
"528","Clock Rate",0.2,1.5,0.632878650220845
"529","Clock Rate",0.2,3,0.970092447221503
"530","Generation",0.01,0.1,0.488259431304462
"531","Generation",0.01,0.2,0.774465316025812
"532","Generation",0.01,0.5,0.889708731188795
"533","Generation",0.01,1,0.975656712375237
"534","Generation",0.01,2,0.958286005173391
"535","Generation",0.01,0.05,0.652204730541369
"536","Generation",0.01,0.15,0.74492107460384
"537","Generation",0.01,0.25,0.785610208871234
"538","Generation",0.01,0.75,0.949153579504584
"539","Generation",0.01,1.5,0.920349798377697
"540","Generation",0.01,3,0.958114312243453
"541","Clock Rate",0.01,0.1,0.665954403584246
"542","Clock Rate",0.01,0.2,0.870557914719666
"543","Clock Rate",0.01,0.5,0.688633646883056
"544","Clock Rate",0.01,1,0.97741947997335
"545","Clock Rate",0.01,2,0.985496836905499
"546","Clock Rate",0.01,0.05,0.23756953528927
"547","Clock Rate",0.01,0.15,0.752269158053146
"548","Clock Rate",0.01,0.25,0.906741902262451
"549","Clock Rate",0.01,0.75,0.956906235410093
"550","Clock Rate",0.01,1.5,0.972240859507598
"551","Clock Rate",0.01,3,0.986858156025569
"552","Generation",0.05,0.1,0.526373985701761
"553","Generation",0.05,0.2,0.753222170088546
"554","Generation",0.05,0.5,0.904406220255389
"555","Generation",0.05,1,0.92658416187052
"556","Generation",0.05,2,0.942354155110473
"557","Generation",0.05,0.05,0.644184772928894
"558","Generation",0.05,0.15,0.85292589960501
"559","Generation",0.05,0.25,0.87981105139387
"560","Generation",0.05,0.75,0.941965606319961
"561","Generation",0.05,1.5,0.927910973836097
"562","Generation",0.05,3,0.951416587723653
"563","Clock Rate",0.05,0.1,0.678905681822374
"564","Clock Rate",0.05,0.2,0.865844951178315
"565","Clock Rate",0.05,0.5,0.64127732583984
"566","Clock Rate",0.05,1,0.982236775579316
"567","Clock Rate",0.05,2,0.98315124330008
"568","Clock Rate",0.05,0.05,0.0876373074744527
"569","Clock Rate",0.05,0.15,0.879741674213815
"570","Clock Rate",0.05,0.25,0.898544578627574
"571","Clock Rate",0.05,0.75,0.959759843609118
"572","Clock Rate",0.05,1.5,0.943555918472848
"573","Clock Rate",0.05,3,0.989195178738382
"574","Generation",0.1,0.1,0.570008548818916
"575","Generation",0.1,0.2,0.729271907972877
"576","Generation",0.1,0.5,0.852400308755409
"577","Generation",0.1,1,0.945336024374963
"578","Generation",0.1,2,0.933973106905954
"579","Generation",0.1,0.05,0.60279552347807
"580","Generation",0.1,0.15,0.840166670969781
"581","Generation",0.1,0.25,0.836526881903064
"582","Generation",0.1,0.75,0.932038989721329
"583","Generation",0.1,1.5,0.91483922332863
"584","Generation",0.1,3,0.935805352974109
"585","Clock Rate",0.1,0.1,0.699544539864427
"586","Clock Rate",0.1,0.2,0.838618039330178
"587","Clock Rate",0.1,0.5,0.616320255246226
"588","Clock Rate",0.1,1,0.979280068493786
"589","Clock Rate",0.1,2,0.985196331065341
"590","Clock Rate",0.1,0.05,0.15652798897507
"591","Clock Rate",0.1,0.15,0.867985825916067
"592","Clock Rate",0.1,0.25,0.93529898038074
"593","Clock Rate",0.1,0.75,0.955218086152801
"594","Clock Rate",0.1,1.5,0.939314847115112
"595","Clock Rate",0.1,3,0.988973017425429
"596","Generation",0.2,0.1,0.627612611678948
"597","Generation",0.2,0.2,0.721888805052995
"598","Generation",0.2,0.5,0.886077082568209
"599","Generation",0.2,1,0.93496964202747
"600","Generation",0.2,2,0.932429481778402
"601","Generation",0.2,0.05,0.582877956817617
"602","Generation",0.2,0.15,0.854320580772251
"603","Generation",0.2,0.25,0.809252141460858
"604","Generation",0.2,0.75,0.94343806215964
"605","Generation",0.2,1.5,0.933183596803413
"606","Generation",0.2,3,0.952350721193125
"607","Clock Rate",0.2,0.1,0.699808354231981
"608","Clock Rate",0.2,0.2,0.834399939926246
"609","Clock Rate",0.2,0.5,0.622464054405441
"610","Clock Rate",0.2,1,0.975202792569594
"611","Clock Rate",0.2,2,0.982344082859164
"612","Clock Rate",0.2,0.05,0.190511262120692
"613","Clock Rate",0.2,0.15,0.87612067615994
"614","Clock Rate",0.2,0.25,0.917987328802789
"615","Clock Rate",0.2,0.75,0.959571237211371
"616","Clock Rate",0.2,1.5,0.940167048062487
"617","Clock Rate",0.2,3,0.987833820903827
"618","Generation",0.01,0.1,0.407556024442965
"619","Generation",0.01,0.2,0.654196904306583
"620","Generation",0.01,0.5,0.778054002390879
"621","Generation",0.01,1,0.806559538579153
"622","Generation",0.01,2,0.860545953561363
"623","Generation",0.01,0.05,0.330130375388979
"624","Generation",0.01,0.15,0.466120323349196
"625","Generation",0.01,0.25,0.480327581986925
"626","Generation",0.01,0.75,0.80996293288854
"627","Generation",0.01,1.5,0.85476683430611
"628","Generation",0.01,3,0.914703769216393
"629","Clock Rate",0.01,0.1,0.42848155244229
"630","Clock Rate",0.01,0.2,0.520298093055705
"631","Clock Rate",0.01,0.5,0.804917866751438
"632","Clock Rate",0.01,1,0.849423478766016
"633","Clock Rate",0.01,2,0.968902679215389
"634","Clock Rate",0.01,0.05,0.355946295360249
"635","Clock Rate",0.01,0.15,0.668674538202975
"636","Clock Rate",0.01,0.25,0.606281370560887
"637","Clock Rate",0.01,0.75,0.843258293910467
"638","Clock Rate",0.01,1.5,0.930013811586455
"639","Clock Rate",0.01,3,0.964727973354772
"640","Generation",0.05,0.1,0.357068694059531
"641","Generation",0.05,0.2,0.635753211973225
"642","Generation",0.05,0.5,0.766369405005934
"643","Generation",0.05,1,0.72862257890966
"644","Generation",0.05,2,0.868335457807417
"645","Generation",0.05,0.05,0.374003566861664
"646","Generation",0.05,0.15,0.503483253539821
"647","Generation",0.05,0.25,0.498240452858183
"648","Generation",0.05,0.75,0.80614276241133
"649","Generation",0.05,1.5,0.90292160758376
"650","Generation",0.05,3,0.913549307521618
"651","Clock Rate",0.05,0.1,0.444012811378415
"652","Clock Rate",0.05,0.2,0.571147541063875
"653","Clock Rate",0.05,0.5,0.803847315929091
"654","Clock Rate",0.05,1,0.835541195872876
"655","Clock Rate",0.05,2,0.96597773417459
"656","Clock Rate",0.05,0.05,0.386360508183754
"657","Clock Rate",0.05,0.15,0.65817816362501
"658","Clock Rate",0.05,0.25,0.612778263596973
"659","Clock Rate",0.05,0.75,0.852094044476733
"660","Clock Rate",0.05,1.5,0.935035980833297
"661","Clock Rate",0.05,3,0.963457461903017
"662","Generation",0.1,0.1,0.365311829212834
"663","Generation",0.1,0.2,0.64427219216826
"664","Generation",0.1,0.5,0.765999561418383
"665","Generation",0.1,1,0.748761570531549
"666","Generation",0.1,2,0.865238921612655
"667","Generation",0.1,0.05,0.376403090220892
"668","Generation",0.1,0.15,0.479178024168492
"669","Generation",0.1,0.25,0.467286537831446
"670","Generation",0.1,0.75,0.798220620581846
"671","Generation",0.1,1.5,0.892547526904149
"672","Generation",0.1,3,0.911264578026343
"673","Clock Rate",0.1,0.1,0.433867817840439
"674","Clock Rate",0.1,0.2,0.532443838562665
"675","Clock Rate",0.1,0.5,0.803255730983362
"676","Clock Rate",0.1,1,0.865437071684008
"677","Clock Rate",0.1,2,0.968415884422751
"678","Clock Rate",0.1,0.05,0.338122436086321
"679","Clock Rate",0.1,0.15,0.654755673450893
"680","Clock Rate",0.1,0.25,0.607961629892079
"681","Clock Rate",0.1,0.75,0.855611824456839
"682","Clock Rate",0.1,1.5,0.933877479172554
"683","Clock Rate",0.1,3,0.961499617123452
"684","Generation",0.2,0.1,0.384465229525839
"685","Generation",0.2,0.2,0.646110866060912
"686","Generation",0.2,0.5,0.751501493135607
"687","Generation",0.2,1,0.760734448180955
"688","Generation",0.2,2,0.868786229288615
"689","Generation",0.2,0.05,0.410096395597668
"690","Generation",0.2,0.15,0.467512591160391
"691","Generation",0.2,0.25,0.495645203503069
"692","Generation",0.2,0.75,0.777173597511376
"693","Generation",0.2,1.5,0.888958625500833
"694","Generation",0.2,3,0.917849551646314
"695","Clock Rate",0.2,0.1,0.440310215558379
"696","Clock Rate",0.2,0.2,0.541911986627602
"697","Clock Rate",0.2,0.5,0.774856118273341
"698","Clock Rate",0.2,1,0.855494119187747
"699","Clock Rate",0.2,2,0.970293768496191
"700","Clock Rate",0.2,0.05,0.326032214547776
"701","Clock Rate",0.2,0.15,0.649532209336851
"702","Clock Rate",0.2,0.25,0.60461805215115
"703","Clock Rate",0.2,0.75,0.873625083648011
"704","Clock Rate",0.2,1.5,0.933048382593303
"705","Clock Rate",0.2,3,0.962412832174415
"706","Generation",0.01,0.1,0.231402206434593
"707","Generation",0.01,0.2,0.772077321719973
"708","Generation",0.01,0.5,0.795817210919151
"709","Generation",0.01,1,0.962217254839797
"710","Generation",0.01,2,0.799683972072438
"711","Generation",0.01,0.05,0.0847546241226912
"712","Generation",0.01,0.15,0.704546082164261
"713","Generation",0.01,0.25,0.524735808716602
"714","Generation",0.01,0.75,0.916633508104178
"715","Generation",0.01,1.5,0.859995930213761
"716","Generation",0.01,3,0.918560214134302
"717","Clock Rate",0.01,0.1,0.479825311662287
"718","Clock Rate",0.01,0.2,0.669079296269049
"719","Clock Rate",0.01,0.5,0.859294173937479
"720","Clock Rate",0.01,1,0.939736878478806
"721","Clock Rate",0.01,2,0.949177359153129
"722","Clock Rate",0.01,0.05,0.746263186400815
"723","Clock Rate",0.01,0.15,0.795056086206342
"724","Clock Rate",0.01,0.25,0.801145465723783
"725","Clock Rate",0.01,0.75,0.885864879862263
"726","Clock Rate",0.01,1.5,0.95872075636895
"727","Clock Rate",0.01,3,0.985226667619585
"728","Generation",0.05,0.1,0.320601377211291
"729","Generation",0.05,0.2,0.666928393158548
"730","Generation",0.05,0.5,0.796824868214071
"731","Generation",0.05,1,0.915452575189088
"732","Generation",0.05,2,0.798902465109406
"733","Generation",0.05,0.05,0.0263345404906579
"734","Generation",0.05,0.15,0.741942984913096
"735","Generation",0.05,0.25,0.477396382408195
"736","Generation",0.05,0.75,0.79239274676089
"737","Generation",0.05,1.5,0.911500444922169
"738","Generation",0.05,3,0.91509319667913
"739","Clock Rate",0.05,0.1,0.581633796456291
"740","Clock Rate",0.05,0.2,0.599963058801749
"741","Clock Rate",0.05,0.5,0.948934302497436
"742","Clock Rate",0.05,1,0.919911070862591
"743","Clock Rate",0.05,2,0.957385839226988
"744","Clock Rate",0.05,0.05,0.87305523602209
"745","Clock Rate",0.05,0.15,0.791485116373818
"746","Clock Rate",0.05,0.25,0.834380821455912
"747","Clock Rate",0.05,0.75,0.916426402719745
"748","Clock Rate",0.05,1.5,0.957787350599991
"749","Clock Rate",0.05,3,0.98455700911097
"750","Generation",0.1,0.1,0.33513941271032
"751","Generation",0.1,0.2,0.667426479735363
"752","Generation",0.1,0.5,0.811984628083503
"753","Generation",0.1,1,0.934639373052171
"754","Generation",0.1,2,0.847383146013764
"755","Generation",0.1,0.05,0.000112681557655663
"756","Generation",0.1,0.15,0.675349849053391
"757","Generation",0.1,0.25,0.532797730400513
"758","Generation",0.1,0.75,0.749565857243939
"759","Generation",0.1,1.5,0.905327819460898
"760","Generation",0.1,3,0.935912098048523
"761","Clock Rate",0.1,0.1,0.525882936147042
"762","Clock Rate",0.1,0.2,0.709522221174509
"763","Clock Rate",0.1,0.5,0.937547100346025
"764","Clock Rate",0.1,1,0.930733084966369
"765","Clock Rate",0.1,2,0.967081299154452
"766","Clock Rate",0.1,0.05,0.812059885697242
"767","Clock Rate",0.1,0.15,0.799123691352774
"768","Clock Rate",0.1,0.25,0.82292600407636
"769","Clock Rate",0.1,0.75,0.940092179716238
"770","Clock Rate",0.1,1.5,0.946472352128896
"771","Clock Rate",0.1,3,0.97804433832083
"772","Generation",0.2,0.1,0.286010346865764
"773","Generation",0.2,0.2,0.696856811347554
"774","Generation",0.2,0.5,0.835046802537962
"775","Generation",0.2,1,0.933526744596936
"776","Generation",0.2,2,0.829182706011549
"777","Generation",0.2,0.05,0.00696080563617698
"778","Generation",0.2,0.15,0.716153048860127
"779","Generation",0.2,0.25,0.440980697028511
"780","Generation",0.2,0.75,0.778969816177759
"781","Generation",0.2,1.5,0.89442558439751
"782","Generation",0.2,3,0.928409102820836
"783","Clock Rate",0.2,0.1,0.577709225263884
"784","Clock Rate",0.2,0.2,0.65395998888283
"785","Clock Rate",0.2,0.5,0.931295694027309
"786","Clock Rate",0.2,1,0.93165399327832
"787","Clock Rate",0.2,2,0.958739602276867
"788","Clock Rate",0.2,0.05,0.812770134360644
"789","Clock Rate",0.2,0.15,0.809020190846342
"790","Clock Rate",0.2,0.25,0.815420517890366
"791","Clock Rate",0.2,0.75,0.940974985418286
"792","Clock Rate",0.2,1.5,0.94488144169021
"793","Clock Rate",0.2,3,0.981661321055532
