"","from","to","TimeDiff"
"1","0","271","5.87182482387293"
"2","271","538","1"
"3","271","539","1"
"4","271","540","1"
"5","271","541","1"
"6","271","542","1"
"7","271","543","1"
"8","271","544","1"
"9","540","650","15.4262532769538"
"10","539","651","15.5632695815257"
"11","539","652","15.5632695815257"
"12","539","653","15.5632695815257"
"13","541","695","19.937132560097"
"14","541","696","19.937132560097"
"15","650","806","11.3704806833912"
"16","542","831","29.019149320455"
"17","653","896","19.2436040382188"
"18","653","897","19.2436040382188"
"19","696","914","16.5706001244248"
"20","831","965","11.6958704472199"
"21","831","966","11.6958704472199"
"22","914","1008","8.19536695677685"
"23","538","1009","44.7036876268042"
"24","538","1010","44.7036876268042"
"25","1009","1048","3.45567971074237"
"26","896","1059","13.8732532869122"
"27","896","1060","13.8732532869122"
"28","543","1116","52.6752772889381"
"29","543","1117","52.6752772889381"
"30","897","1121","18.6438750490069"
"31","897","1122","18.6438750490069"
"32","897","1123","18.6438750490069"
"33","897","1124","18.6438750490069"
"34","965","1144","14.4079065998813"
"35","1122","1191","5.74292948731341"
"36","1122","1192","5.74292948731341"
"37","1122","1193","5.74292948731341"
"38","1122","1194","5.74292948731341"
"39","1122","1195","5.74292948731341"
"40","652","1211","45.1749768143422"
"41","651","1212","45.2765000026234"
"42","651","1213","45.2765000026234"
"43","1059","1316","18.813482652844"
"44","1059","1317","18.813482652844"
"45","1059","1318","18.813482652844"
"46","1121","1325","14.2701515146841"
"47","1121","1326","14.2701515146841"
"48","1195","1330","9.12347080812693"
"49","1195","1331","9.12347080812693"
"50","1116","1334","15.8656162114919"
"51","1193","1340","10.0106161161971"
"52","1192","1373","13.7718306821414"
"53","1192","1374","13.7718306821414"
"54","1317","1375","5.51506115673504"
"55","1317","1376","5.51506115673504"
"56","1317","1377","5.51506115673504"
"57","1060","1393","25.6293835183669"
"58","1334","1439","9.31357184388752"
"59","1325","1440","10.1731523223978"
"60","1325","1441","10.1731523223978"
"61","1325","1442","10.1731523223978"
"62","1331","1443","9.64751733215441"
"63","1331","1444","9.64751733215441"
"64","1331","1445","9.64751733215441"
"65","1331","1446","9.64751733215441"
"66","1376","1473","6.13574111461932"
"67","1376","1474","6.13574111461932"
"68","1473","1524","3.23046542065994"
"69","1318","1537","15.7752203620551"
"70","1442","1571","8.63046853403489"
"71","1442","1572","8.63046853403489"
"72","1010","1583","42.6231219500843"
"73","1010","1584","42.6231219500843"
"74","1440","1592","10.4209503693662"
"75","1326","1649","26.0736126003711"
"76","1441","1652","16.0484186171876"
"77","1592","1664","6.54419673853035"
"78","1474","1740","21.0120228644224"
"79","1375","1777","29.7183470179116"
"80","1439","1785","25.5680934606597"
"81","1439","1786","25.5680934606597"
"82","1439","1787","25.5680934606597"
"83","1439","1788","25.5680934606597"
"84","1572","1933","28.0540213837418"
"85","1572","1934","28.0540213837418"
"86","1777","1954","12.9313695578929"
"87","1777","1955","12.9313695578929"
"88","1934","1989","4.420380212678"
"89","1740","2022","20.5987139324267"
"90","1649","2030","28.164822516433"
"91","1649","2031","28.164822516433"
"92","1377","2040","49.8913308421"
"93","1377","2041","49.8913308421"
"94","1377","2042","49.8913308421"
"95","1664","2061","29.2984855986733"
"96","1785","2126","25.3790592957563"
"97","1785","2127","25.3790592957563"
"98","1785","2128","25.3790592957563"
"99","1785","2129","25.3790592957563"
"100","1785","2130","25.3790592957563"
"101","1785","2131","25.3790592957563"
"102","1785","2132","25.3790592957563"
"103","1933","2178","18.1546934631666"
"104","1933","2179","18.1546934631666"
"105","1933","2180","18.1546934631666"
"106","2022","2181","12.0207817374274"
"107","2022","2182","12.0207817374274"
"108","2022","2183","12.0207817374274"
"109","2022","2184","12.0207817374274"
"110","2022","2185","12.0207817374274"
"111","2022","2186","12.0207817374274"
"112","2186","2234","3.25195300928516"
"113","1786","2253","33.7712970019628"
"114","1786","2254","33.7712970019628"
"115","1786","2255","33.7712970019628"
"116","1786","2256","33.7712970019628"
"117","1786","2257","33.7712970019628"
"118","1786","2258","33.7712970019628"
"119","2041","2276","15.250196225201"
"120","2184","2307","6.45124920516088"
"121","2128","2312","10.6982159884558"
"122","2128","2313","10.6982159884558"
"123","2126","2320","11.7000622323838"
"124","2185","2390","10.3214817767633"
"125","1989","2395","24.3725451817853"
"126","1954","2422","30.0245327398564"
"127","1954","2423","30.0245327398564"
"128","2130","2424","16.9886774563404"
"129","2132","2425","17.0117321791164"
"130","2181","2446","14.3975846568894"
"131","2181","2447","14.3975846568894"
"132","2181","2448","14.3975846568894"
"133","2254","2452","10.6524843665592"
"134","2061","2510","27.1267816712571"
"135","2178","2522","19.0252247322177"
"136","2313","2551","14.8402175269839"
"137","2256","2596","20.4815357828087"
"138","2256","2597","20.4815357828087"
"139","1443","2617","80.6703815439995"
"140","1443","2618","80.6703815439995"
"141","2447","2659","14.4136026789556"
"142","2425","2668","16.1991912685498"
"143","2551","2704","10.9570228184555"
"144","2551","2705","10.9570228184555"
"145","2390","2714","22.9635595595263"
"146","2183","2730","34.5157041662094"
"147","2522","2739","16.4905269886167"
"148","2668","2841","12.1772355166431"
"149","2714","2861","9.69654739647223"
"150","2730","2863","8.57806228615337"
"151","2730","2864","8.57806228615337"
"152","2704","2866","10.7339406023411"
"153","2510","2885","25.946548164305"
"154","2510","2886","25.946548164305"
"155","2234","2894","42.7746465541425"
"156","2234","2895","42.7746465541425"
"157","2597","2906","21.6262444398525"
"158","2597","2907","21.6262444398525"
"159","2597","2908","21.6262444398525"
"160","2886","3000","8.29959395155876"
"161","2886","3001","8.29959395155876"
"162","2886","3002","8.29959395155876"
"163","2886","3003","8.29959395155876"
"164","2886","3004","8.29959395155876"
"165","1787","3021","83.1758134456465"
"166","2596","3048","30.185052372185"
"167","3003","3081","3.27108878359653"
"168","3003","3082","3.27108878359653"
"169","2258","3086","51.7744711371824"
"170","2395","3092","46.0825481480219"
"171","2395","3093","46.0825481480219"
"172","3001","3119","5.82570475110148"
"173","3001","3120","5.82570475110148"
"174","2885","3131","15.8420291078041"
"175","2885","3132","15.8420291078041"
"176","2885","3133","15.8420291078041"
"177","3004","3165","9.88781450128531"
"178","3004","3166","9.88781450128531"
"179","2906","3177","17.2028884659825"
"180","2446","3195","50.354643855917"
"181","3093","3200","8.24297952775848"
"182","3093","3201","8.24297952775848"
"183","2894","3221","19.9578861161218"
"184","2894","3222","19.9578861161218"
"185","2894","3223","19.9578861161218"
"186","3092","3228","9.5805271966984"
"187","3092","3229","9.5805271966984"
"188","3092","3230","9.5805271966984"
"189","3092","3231","9.5805271966984"
"190","3092","3232","9.5805271966984"
"191","2031","3248","78.1930246703547"
"192","2031","3249","78.1930246703547"
"193","3082","3288","14.2204346438243"
"194","3082","3289","14.2204346438243"
"195","3048","3290","15.1810031771124"
"196","3081","3315","15.6301513937015"
"197","3081","3316","15.6301513937015"
"198","3081","3317","15.6301513937015"
"199","3132","3318","11.4294926827823"
"200","3132","3319","11.4294926827823"
"201","3177","3333","8.57926308530418"
"202","3177","3334","8.57926308530418"
"203","3177","3335","8.57926308530418"
"204","3120","3343","13.9541282664215"
"205","3120","3344","13.9541282664215"
"206","3232","3387","9.306159431438"
"207","3232","3388","9.306159431438"
"208","3021","3398","22.5541277381564"
"209","1955","3399","93.502093871472"
"210","3195","3401","12.0995144252899"
"211","3195","3402","12.0995144252899"
"212","3195","3403","12.0995144252899"
"213","3002","3405","24.4355687105708"
"214","2255","3418","73.7093827918257"
"215","3388","3419","2.62302680722874"
"216","3388","3420","2.62302680722874"
"217","3388","3421","2.62302680722874"
"218","3334","3493","9.43488993088152"
"219","1788","3496","111.258155887878"
"220","1788","3497","111.258155887878"
"221","1788","3498","111.258155887878"
"222","2908","3501","35.4870229430662"
"223","2908","3502","35.4870229430662"
"224","3229","3545","18.5800807878166"
"225","3497","3606","6.17070822741539"
"226","3228","3608","21.8886388512514"
"227","3228","3609","21.8886388512514"
"228","3317","3620","17.349027706962"
"229","3405","3656","13.1968348846736"
"230","3290","3668","21.1798980320082"
"231","3316","3669","19.8084909419164"
"232","3316","3670","19.8084909419164"
"233","3606","3693","5.66598279110048"
"234","3606","3694","5.66598279110048"
"235","3606","3695","5.66598279110048"
"236","3606","3696","5.66598279110048"
"237","3606","3697","5.66598279110048"
"238","3398","3749","20.4118676627048"
"239","3398","3750","20.4118676627048"
"240","3656","3759","7.29486049596821"
"241","3493","3763","16.0774339761234"
"242","3493","3764","16.0774339761234"
"243","3493","3765","16.0774339761234"
"244","3493","3766","16.0774339761234"
"245","3696","3797","5.81587350780455"
"246","3418","3798","21.5362734622096"
"247","3496","3840","20.3077083090432"
"248","3496","3841","20.3077083090432"
"249","3399","3874","28.4113046350378"
"250","3249","3878","37.5741221657918"
"251","3249","3879","37.5741221657918"
"252","3249","3880","37.5741221657918"
"253","3249","3881","37.5741221657918"
"254","3759","3924","9.52529534600387"
"255","3749","3957","12.2791197497341"
"256","3695","3962","15.7761628316564"
"257","3222","3980","44.2558720660021"
"258","3763","4008","13.9813552454178"
"259","3670","4044","22.0469059991796"
"260","3502","4058","32.5923875458756"
"261","3765","4062","16.8826451044153"
"262","3765","4063","16.8826451044153"
"263","3797","4064","15.2342925942415"
"264","3880","4079","10.177145130191"
"265","3620","4089","26.5946938929083"
"266","3609","4127","30.1088799932577"
"267","3840","4147","17.3843096184855"
"268","3335","4149","47.3313509142178"
"269","3335","4150","47.3313509142178"
"270","3335","4151","47.3313509142178"
"271","4058","4212","9.16974216292715"
"272","4058","4213","9.16974216292715"
"273","4058","4214","9.16974216292715"
"274","4149","4234","5.02966480582921"
"275","4149","4235","5.02966480582921"
"276","4149","4236","5.02966480582921"
"277","2841","4260","84.68526526251"
"278","2841","4261","84.68526526251"
"279","2841","4262","84.68526526251"
"280","4147","4269","7.00724434879791"
"281","4147","4270","7.00724434879791"
"282","4127","4305","9.56307104389259"
"283","3401","4344","53.7810702933554"
"284","4234","4372","7.31961290145068"
"285","4269","4377","5.6410168352707"
"286","4269","4378","5.6410168352707"
"287","4269","4379","5.6410168352707"
"288","4269","4380","5.6410168352707"
"289","4305","4391","5.04161423876297"
"290","4305","4392","5.04161423876297"
"291","4305","4393","5.04161423876297"
"292","3962","4416","24.3180806931695"
"293","3962","4417","24.3180806931695"
"294","3924","4443","27.8622239287713"
"295","4214","4449","11.9867186518661"
"296","4214","4450","11.9867186518661"
"297","4213","4457","12.5784826156477"
"298","3669","4492","46.4181811166986"
"299","4260","4497","12.0504249242434"
"300","4260","4498","12.0504249242434"
"301","4260","4499","12.0504249242434"
"302","4260","4500","12.0504249242434"
"303","4062","4539","25.4960490371586"
"304","4062","4540","25.4960490371586"
"305","4062","4541","25.4960490371586"
"306","4062","4542","25.4960490371586"
"307","4392","4559","8.32662216312855"
"308","4392","4560","8.32662216312855"
"309","4392","4561","8.32662216312855"
"310","4392","4562","8.32662216312855"
"311","4542","4579","3.11705593870488"
"312","4542","4580","3.11705593870488"
"313","4079","4622","30.1494256520888"
"314","4079","4623","30.1494256520888"
"315","4079","4624","30.1494256520888"
"316","4079","4625","30.1494256520888"
"317","4079","4626","30.1494256520888"
"318","4270","4643","19.6209915211756"
"319","4270","4644","19.6209915211756"
"320","4270","4645","19.6209915211756"
"321","4270","4646","19.6209915211756"
"322","4270","4647","19.6209915211756"
"323","4457","4651","10.2118397269152"
"324","4457","4652","10.2118397269152"
"325","4457","4653","10.2118397269152"
"326","4151","4657","27.1248316901847"
"327","4499","4678","9.91485993369417"
"328","4378","4682","15.9005948824852"
"329","4492","4683","10.337052189156"
"330","4044","4698","35.3517876206565"
"331","4044","4699","35.3517876206565"
"332","4417","4700","15.077497997216"
"333","4417","4701","15.077497997216"
"334","4646","4764","5.68796019717411"
"335","4646","4765","5.68796019717411"
"336","4646","4766","5.68796019717411"
"337","4646","4767","5.68796019717411"
"338","4646","4768","5.68796019717411"
"339","4212","4777","28.952949886481"
"340","4699","4798","5.15209947080109"
"341","4682","4823","7.1704097795805"
"342","4625","4837","10.7138681317384"
"343","4625","4838","10.7138681317384"
"344","4683","4849","8.26685983031552"
"345","3980","4861","46.4512817625943"
"346","3694","4882","64.0267731528513"
"347","3694","4883","64.0267731528513"
"348","4344","4896","27.6081826382335"
"349","4701","4901","9.6902455977463"
"350","3608","4938","72.3166689209302"
"351","3608","4939","72.3166689209302"
"352","3608","4940","72.3166689209302"
"353","4651","4970","15.1245577562767"
"354","4651","4971","15.1245577562767"
"355","4651","4972","15.1245577562767"
"356","4379","4982","29.6444103526943"
"357","4379","4983","29.6444103526943"
"358","4379","4984","29.6444103526943"
"359","4379","4985","29.6444103526943"
"360","4379","4986","29.6444103526943"
"361","4379","4987","29.6444103526943"
"362","4767","5001","10.3490522855497"
"363","4767","5002","10.3490522855497"
"364","4767","5003","10.3490522855497"
"365","4765","5015","10.7524337327994"
"366","4700","5031","14.5965493742264"
"367","4235","5044","39.3649774973114"
"368","4882","5056","7.19151549827575"
"369","4986","5068","3.65201832565714"
"370","4986","5069","3.65201832565714"
"371","4972","5094","5.48785900417903"
"372","4972","5095","5.48785900417903"
"373","4972","5096","5.48785900417903"
"374","4764","5110","16.1145514366101"
"375","4624","5116","23.0646164180914"
"376","4624","5117","23.0646164180914"
"377","4861","5121","11.9455318568571"
"378","4987","5161","8.96340418233638"
"379","4987","5162","8.96340418233638"
"380","4970","5202","11.4653618622429"
"381","4766","5229","22.3266684170424"
"382","4766","5230","22.3266684170424"
"383","4798","5234","20.4794427007843"
"384","4798","5235","20.4794427007843"
"385","4798","5236","20.4794427007843"
"386","5161","5274","6.00357954492142"
"387","4623","5322","34.88396751802"
"388","4623","5323","34.88396751802"
"389","4623","5324","34.88396751802"
"390","5031","5363","18.5809742645833"
"391","5031","5364","18.5809742645833"
"392","5031","5365","18.5809742645833"
"393","4901","5408","26.2068713984518"
"394","5202","5422","12.2248628862674"
"395","4261","5428","59.7212667637135"
"396","4938","5469","27.1279526830757"
"397","5121","5484","19.9195905488974"
"398","5121","5485","19.9195905488974"
"399","5229","5492","14.4621709928332"
"400","5229","5493","14.4621709928332"
"401","5117","5500","20.7948335092126"
"402","5056","5526","25.8552404001841"
"403","5365","5537","10.0402363978744"
"404","5324","5550","12.8730080031804"
"405","5484","5632","7.36170864860543"
"406","5484","5633","7.36170864860543"
"407","5526","5701","8.04275507421107"
"408","5526","5702","8.04275507421107"
"409","5323","5742","20.4512890761364"
"410","5323","5743","20.4512890761364"
"411","5323","5744","20.4512890761364"
"412","5485","5753","12.4570926997175"
"413","4983","5775","40.3477369775368"
"414","4983","5776","40.3477369775368"
"415","5235","5869","31.3191234132407"
"416","5235","5870","31.3191234132407"
"417","5235","5871","31.3191234132407"
"418","5235","5872","31.3191234132407"
"419","5235","5873","31.3191234132407"
"420","5235","5874","31.3191234132407"
"421","5235","5875","31.3191234132407"
"422","5096","5880","39.0334093276348"
"423","5068","5930","42.3270598554474"
"424","5364","5935","26.1819354114875"
"425","5364","5936","26.1819354114875"
"426","5870","5945","3.06816398825083"
"427","5422","5952","23.812960391504"
"428","4698","5956","60.6453953906495"
"429","4698","5957","60.6453953906495"
"430","5874","5966","3.97892723472791"
"431","5874","5967","3.97892723472791"
"432","5874","5968","3.97892723472791"
"433","5875","6008","5.98809494527507"
"434","5875","6009","5.98809494527507"
"435","5936","6023","3.96025885344477"
"436","5776","6147","13.7271631914454"
"437","5776","6148","13.7271631914454"
"438","5776","6149","13.7271631914454"
"439","5776","6150","13.7271631914454"
"440","5500","6211","29.35193041141"
"441","5869","6233","14.5137435698776"
"442","4896","6287","64.4955102562719"
"443","4768","6306","71.728337762461"
"444","6287","6385","4.17011494594954"
"445","5236","6460","55.8073880692079"
"446","6009","6483","19.7931918858683"
"447","5069","6632","72.5710022581637"
"448","5162","6639","67.4367779566407"
"449","5162","6640","67.4367779566407"
"450","5162","6641","67.4367779566407"
"451","3879","6681","135.842671164259"
"452","3879","6682","135.842671164259"
"453","4971","6686","79.2724185272824"
"454","4971","6687","79.2724185272824"
"455","4236","6701","116.691093876882"
"456","4236","6702","116.691093876882"
"457","5872","6720","35.8630041528597"
"458","5872","6721","35.8630041528597"
"459","5872","6722","35.8630041528597"
"460","5872","6723","35.8630041528597"
"461","4837","6772","88.0670842496453"
"462","6640","6786","6.13956746822873"
"463","6023","6814","33.3847017225164"
"464","6023","6815","33.3847017225164"
"465","6023","6816","33.3847017225164"
"466","5968","6868","37.4290629845467"
"467","5968","6869","37.4290629845467"
"468","5968","6870","37.4290629845467"
"469","5968","6871","37.4290629845467"
"470","5968","6872","37.4290629845467"
"471","5968","6873","37.4290629845467"
"472","5968","6874","37.4290629845467"
"473","6147","6971","35.0262305519615"
"474","6147","6972","35.0262305519615"
"475","6815","7002","6.54269268098255"
"476","6815","7003","6.54269268098255"
"477","6460","7078","25.6927425994706"
"478","6460","7079","25.6927425994706"
"479","6460","7080","25.6927425994706"
"480","5550","7085","63.7608140396482"
"481","6971","7181","9.87729171125272"
"482","6686","7182","19.9127520649299"
"483","6686","7183","19.9127520649299"
"484","6686","7184","19.9127520649299"
"485","6686","7185","19.9127520649299"
"486","6686","7186","19.9127520649299"
"487","6686","7187","19.9127520649299"
"488","6721","7237","21.6580470119713"
"489","3318","7287","193.893932256658"
"490","3318","7288","193.893932256658"
"491","3318","7289","193.893932256658"
"492","7003","7305","14.4318291337836"
"493","6723","7366","26.4481204195542"
"494","6723","7367","26.4481204195542"
"495","6814","7368","22.8008339291621"
"496","7078","7387","13.8067771572144"
"497","7078","7388","13.8067771572144"
"498","6972","7399","19.5719634327744"
"499","6870","7403","23.4259571862368"
"500","6682","7421","30.7484978560462"
"501","6682","7422","30.7484978560462"
"502","7181","7429","11.0040725524105"
"503","7181","7430","11.0040725524105"
"504","7181","7431","11.0040725524105"
"505","6720","7449","31.5943627198739"
"506","6720","7450","31.5943627198739"
"507","6639","7488","36.7312041741588"
"508","7305","7491","8.82255385882263"
"509","7305","7492","8.82255385882263"
"510","7305","7493","8.82255385882263"
"511","7305","7494","8.82255385882263"
"512","7002","7498","23.4888109212764"
"513","7002","7499","23.4888109212764"
"514","7289","7557","13.312509726072"
"515","7289","7558","13.312509726072"
"516","7367","7571","11.8981739031085"
"517","7184","7596","20.3433274068317"
"518","6786","7640","38.836440436149"
"519","7429","7651","12.1649020724615"
"520","7429","7652","12.1649020724615"
"521","7403","7653","13.4694795961307"
"522","7403","7654","13.4694795961307"
"523","7388","7699","16.4689048110137"
"524","7388","7700","16.4689048110137"
"525","7421","7703","15.28588253268"
"526","7421","7704","15.28588253268"
"527","7421","7705","15.28588253268"
"528","7421","7706","15.28588253268"
"529","7421","7707","15.28588253268"
"530","7421","7708","15.28588253268"
"531","7449","7712","14.0276464906591"
"532","7488","7724","13.3275575695275"
"533","7488","7725","13.3275575695275"
"534","7182","7743","27.9912576765927"
"535","7187","7785","30.6858479009723"
"536","7187","7786","30.6858479009723"
"537","7288","7795","26.2445626449993"
"538","7707","7799","5.2002688547405"
"539","7724","7806","4.34343891095415"
"540","7708","7830","6.50031088481558"
"541","7708","7831","6.50031088481558"
"542","7652","7848","9.9870712588604"
"543","7652","7849","9.9870712588604"
"544","7712","7850","6.75886395550236"
"545","7558","7860","15.5616113032002"
"546","7558","7861","15.5616113032002"
"547","7795","7889","4.55340126464233"
"548","7640","7913","14.5712895754145"
"549","7640","7914","14.5712895754145"
"550","7653","7919","13.9408327398631"
"551","7557","7935","20.7662351810034"
"552","7450","7936","26.4340813838367"
"553","7450","7937","26.4340813838367"
"554","7654","8011","19.5564198370286"
"555","7654","8012","19.5564198370286"
"556","7936","8034","5.75374027483423"
"557","7494","8043","30.7747105218376"
"558","7494","8044","30.7747105218376"
"559","7848","8066","13.0303856138413"
"560","7848","8067","13.0303856138413"
"561","7725","8069","18.8117576748289"
"562","7725","8070","18.8117576748289"
"563","6874","8081","60.2779697738491"
"564","6874","8082","60.2779697738491"
"565","7785","8092","17.0830484651567"
"566","7785","8093","17.0830484651567"
"567","7185","8135","50.7002190423929"
"568","8069","8140","4.54117721755421"
"569","8069","8141","4.54117721755421"
"570","7743","8178","25.0487771645806"
"571","7743","8179","25.0487771645806"
"572","7743","8180","25.0487771645806"
"573","7706","8181","27.0915011947728"
"574","7706","8182","27.0915011947728"
"575","8092","8213","7.29008302506918"
"576","8092","8214","7.29008302506918"
"577","8092","8215","7.29008302506918"
"578","8092","8216","7.29008302506918"
"579","7935","8222","16.4665131332962"
"580","7786","8223","24.8073922631436"
"581","7786","8224","24.8073922631436"
"582","7849","8232","22.5438494690854"
"583","7937","8233","16.9132232637271"
"584","7937","8234","16.9132232637271"
"585","7937","8235","16.9132232637271"
"586","7937","8236","16.9132232637271"
"587","7919","8254","21.2113565479702"
"588","8011","8269","16.6229737458231"
"589","8011","8270","16.6229737458231"
"590","8066","8272","13.4561969561125"
"591","7498","8279","45.645302301798"
"592","7498","8280","45.645302301798"
"593","7498","8281","45.645302301798"
"594","8178","8289","7.88113307732323"
"595","8178","8290","7.88113307732323"
"596","8178","8291","7.88113307732323"
"597","8222","8308","7.40254131913372"
"598","8222","8309","7.40254131913372"
"599","8213","8329","9.08701289580165"
"600","8213","8330","9.08701289580165"
"601","8213","8331","9.08701289580165"
"602","8181","8344","11.9170170878797"
"603","8330","8399","3.75878222075681"
"604","8044","8425","25.2118969801797"
"605","6872","8428","84.5494420510615"
"606","6872","8429","84.5494420510615"
"607","8272","8440","12.7663875366458"
"608","8272","8441","12.7663875366458"
"609","7806","8444","40.8330243845022"
"610","8269","8448","13.5237451765843"
"611","7596","8450","52.8653039015404"
"612","7596","8451","52.8653039015404"
"613","7596","8452","52.8653039015404"
"614","7596","8453","52.8653039015404"
"615","8214","8496","20.1170166543135"
"616","8214","8497","20.1170166543135"
"617","8279","8503","14.9069381073045"
"618","8440","8546","5.57361337455671"
"619","8399","8597","12.2296485671907"
"620","8399","8598","12.2296485671907"
"621","8223","8642","26.467803628714"
"622","8043","8659","37.4390874411575"
"623","8043","8660","37.4390874411575"
"624","8182","8674","31.2248296400383"
"625","8308","8685","22.5254182110505"
"626","8308","8686","22.5254182110505"
"627","8234","8689","30.1059053684257"
"628","8234","8690","30.1059053684257"
"629","8496","8715","11.9528501005594"
"630","8450","8747","16.1589429459998"
"631","8452","8774","18.0487893214049"
"632","8452","8775","18.0487893214049"
"633","8452","8776","18.0487893214049"
"634","8674","8819","9.55708282110493"
"635","8224","8820","38.6473154482277"
"636","8012","8855","54.2958321835538"
"637","8331","8860","33.5664964668084"
"638","8236","8895","44.5705337256823"
"639","8448","8912","28.2896555503676"
"640","8503","8913","25.9108352933156"
"641","8503","8914","25.9108352933156"
"642","8503","8915","25.9108352933156"
"643","8503","8916","25.9108352933156"
"644","8503","8917","25.9108352933156"
"645","8686","8957","18.9647335171035"
"646","8686","8958","18.9647335171035"
"647","8915","8959","2.9498740091633"
"648","8917","8965","3.71083534623818"
"649","8917","8966","3.71083534623818"
"650","8917","8967","3.71083534623818"
"651","8917","8968","3.71083534623818"
"652","8917","8969","3.71083534623818"
"653","8917","8970","3.71083534623818"
"654","8597","9002","26.8114197544956"
"655","8916","9006","5.76433830286265"
"656","8916","9007","5.76433830286265"
"657","8916","9008","5.76433830286265"
"658","8428","9009","36.1546914445358"
"659","8428","9010","36.1546914445358"
"660","8179","9013","54.2191162832862"
"661","8179","9014","54.2191162832862"
"662","8776","9065","18.3471443178865"
"663","8776","9066","18.3471443178865"
"664","8598","9089","30.915803800806"
"665","8598","9090","30.915803800806"
"666","8642","9099","29.682489021135"
"667","8329","9119","49.4710320782514"
"668","8329","9120","49.4710320782514"
"669","8329","9121","49.4710320782514"
"670","8329","9122","49.4710320782514"
"671","8967","9144","10.2964708768206"
"672","8747","9146","26.0117741728989"
"673","8855","9156","19.1270725530755"
"674","8659","9157","33.7282377327596"
"675","8659","9158","33.7282377327596"
"676","8914","9209","17.8163274486583"
"677","8914","9210","17.8163274486583"
"678","8660","9218","36.5571741464996"
"679","8660","9219","36.5571741464996"
"680","8660","9220","36.5571741464996"
"681","8660","9221","36.5571741464996"
"682","9089","9235","9.05544671949019"
"683","8970","9245","15.9059322983007"
"684","9157","9268","6.08382457890281"
"685","8546","9303","45.8160681607456"
"686","9120","9327","11.744535908382"
"687","9120","9328","11.744535908382"
"688","9120","9329","11.744535908382"
"689","9120","9330","11.744535908382"
"690","9120","9331","11.744535908382"
"691","9099","9338","14.010303837461"
"692","9099","9339","14.010303837461"
"693","9268","9351","4.44628105633706"
"694","9268","9352","4.44628105633706"
"695","8860","9358","30.4386368865253"
"696","8860","9359","30.4386368865253"
"697","8966","9404","25.7461957457784"
"698","8966","9405","25.7461957457784"
"699","9235","9411","11.1324046795557"
"700","9235","9412","11.1324046795557"
"701","9235","9413","11.1324046795557"
"702","9065","9440","23.0917626811245"
"703","8912","9487","34.9052577690636"
"704","9218","9537","20.0328892454276"
"705","8958","9541","35.4569680308169"
"706","8958","9542","35.4569680308169"
"707","9013","9543","32.6809466106341"
"708","9013","9544","32.6809466106341"
"709","9013","9545","32.6809466106341"
"710","9013","9546","32.6809466106341"
"711","9013","9547","32.6809466106341"
"712","8913","9564","39.7181003538311"
"713","8913","9565","39.7181003538311"
"714","8913","9566","39.7181003538311"
"715","9122","9572","27.4843226921231"
"716","9122","9573","27.4843226921231"
"717","9122","9574","27.4843226921231"
"718","9122","9575","27.4843226921231"
"719","9122","9576","27.4843226921231"
"720","9209","9579","22.4988975873937"
"721","9209","9580","22.4988975873937"
"722","9303","9598","19.2124928067014"
"723","9002","9614","37.390822827235"
"724","9002","9615","37.390822827235"
"725","9002","9616","37.390822827235"
"726","9002","9617","37.390822827235"
"727","9002","9618","37.390822827235"
"728","9146","9638","29.9901509873572"
"729","9146","9639","29.9901509873572"
"730","9541","9669","7.57954657915616"
"731","9328","9673","22.3635514731693"
"732","9328","9674","22.3635514731693"
"733","9220","9679","28.6732854301723"
"734","9413","9729","18.1834738115258"
"735","9413","9730","18.1834738115258"
"736","9329","9736","24.5461764449178"
"737","9329","9737","24.5461764449178"
"738","9329","9738","24.5461764449178"
"739","9327","9745","24.9298652289565"
"740","9327","9746","24.9298652289565"
"741","9327","9747","24.9298652289565"
"742","9614","9761","6.7148331360064"
"743","9544","9815","13.5508874826843"
"744","9574","9846","14.4218650858284"
"745","9546","9887","18.1490534841887"
"746","9669","9893","11.3179450193345"
"747","9747","9929","11.3586435315004"
"748","9747","9930","11.3586435315004"
"749","9487","9932","25.8818903209047"
"750","9617","9952","18.568816841295"
"751","9617","9953","18.568816841295"
"752","9617","9954","18.568816841295"
"753","9358","9955","34.8084135760905"
"754","9580","9960","21.4990649398579"
"755","9580","9961","21.4990649398579"
"756","9564","9964","22.2874541086001"
"757","9547","9975","24.1544126868746"
"758","9547","9976","24.1544126868746"
"759","9547","9977","24.1544126868746"
"760","9547","9978","24.1544126868746"
"761","9547","9979","24.1544126868746"
"762","9351","10007","38.4493734908413"
"763","9351","10008","38.4493734908413"
"764","9405","10075","37.6613491760709"
"765","9405","10076","37.6613491760709"
"766","9545","10088","29.4081879462389"
"767","9545","10089","29.4081879462389"
"768","9545","10090","29.4081879462389"
"769","9545","10091","29.4081879462389"
"770","9575","10231","36.5401210095998"
"771","10090","10279","11.2553610281331"
"772","10090","10280","11.2553610281331"
"773","9952","10307","18.6156179587466"
"774","10088","10315","12.8676116632802"
"775","10076","10336","14.9532058936501"
"776","9887","10381","27.9867422946641"
"777","10091","10389","17.3210743976319"
"778","10089","10411","18.1103740933086"
"779","7085","10414","191.546623820801"
"780","7085","10415","191.546623820801"
"781","10231","10425","10.7348248630856"
"782","10231","10426","10.7348248630856"
"783","10231","10427","10.7348248630856"
"784","9565","10436","47.8126284308456"
"785","9932","10473","28.7084359037406"
"786","9932","10474","28.7084359037406"
"787","9932","10475","28.7084359037406"
"788","9954","10526","30.1314523182195"
"789","9954","10527","30.1314523182195"
"790","8093","10535","145.598402702001"
"791","9572","10583","54.3762732368102"
"792","9572","10584","54.3762732368102"
"793","9572","10585","54.3762732368102"
"794","9572","10586","54.3762732368102"
"795","9572","10587","54.3762732368102"
"796","10436","10593","7.46939840313667"
"797","9977","10595","32.1855732912273"
"798","9006","10602","89.6947168164047"
"799","9006","10603","89.6947168164047"
"800","10315","10633","16.3347666752072"
"801","9737","10635","48.8850322429354"
"802","10526","10637","6.06140949375333"
"803","9976","10662","37.1859648602876"
"804","9930","10695","41.6502355330606"
"805","9729","10696","53.9682424310657"
"806","10593","10710","7.77239286605925"
"807","10426","10738","17.5542839886426"
"808","10426","10739","17.5542839886426"
"809","10414","10740","18.5389230203657"
"810","9960","10780","45.0765616790767"
"811","10584","10808","13.7649938973154"
"812","10587","10835","14.7992714689511"
"813","10279","10881","32.7403988631526"
"814","10415","10882","25.8883812619927"
"815","10586","10891","18.2039133479383"
"816","10882","10941","3.39600897446155"
"817","10882","10942","3.39600897446155"
"818","9975","10953","53.0784389923963"
"819","9975","10954","53.0784389923963"
"820","9975","10955","53.0784389923963"
"821","9975","10956","53.0784389923963"
"822","9964","10962","54.2134634202617"
"823","10427","10970","30.3402359347333"
"824","10527","10981","26.3444729339982"
"825","9156","11012","104.727124134376"
"826","10881","11063","10.5949568093562"
"827","10891","11075","10.5132892593621"
"828","10535","11114","34.204671212455"
"829","10954","11133","11.7257928180688"
"830","10738","11135","23.2439117092003"
"831","10738","11136","23.2439117092003"
"832","10738","11137","23.2439117092003"
"833","9338","11212","108.179568676926"
"834","10981","11345","21.5554163909175"
"835","10981","11346","21.5554163909175"
"836","10953","11369","24.7436026324343"
"837","10953","11370","24.7436026324343"
"838","10585","11424","49.2835791201611"
"839","10585","11425","49.2835791201611"
"840","11133","11472","19.0046545762701"
"841","11133","11473","19.0046545762701"
"842","11133","11474","19.0046545762701"
"843","11133","11475","19.0046545762701"
"844","10942","11570","36.8292086129356"
"845","11424","11615","11.72421450077"
"846","11424","11616","11.72421450077"
"847","11424","11617","11.72421450077"
"848","11424","11618","11.72421450077"
"849","11212","11632","23.1406237985831"
"850","11212","11633","23.1406237985831"
"851","8689","11649","171.940950223739"
"852","11475","11664","11.2287945124912"
"853","11475","11665","11.2287945124912"
"854","11570","11671","6.11660070525306"
"855","11570","11672","6.11660070525306"
"856","11370","11695","19.920881874329"
"857","11472","11696","14.0413211908099"
"858","11369","11731","21.3904945374184"
"859","11369","11732","21.3904945374184"
"860","10955","11749","47.6319736298966"
"861","10955","11750","47.6319736298966"
"862","10955","11751","47.6319736298966"
"863","10955","11752","47.6319736298966"
"864","11672","11778","6.44329021403837"
"865","11672","11779","6.44329021403837"
"866","11672","11780","6.44329021403837"
"867","11672","11781","6.44329021403837"
"868","11672","11782","6.44329021403837"
"869","11672","11783","6.44329021403837"
"870","11672","11784","6.44329021403837"
"871","11672","11785","6.44329021403837"
"872","9730","11798","117.714840134779"
"873","9730","11799","117.714840134779"
"874","9730","11800","117.714840134779"
"875","9730","11801","117.714840134779"
"876","11781","11871","5.1224849026637"
"877","11778","11955","10.7614459402894"
"878","11778","11956","10.7614459402894"
"879","11632","12043","23.9449315792439"
"880","11632","12044","23.9449315792439"
"881","11750","12094","19.7223693485111"
"882","11783","12104","19.458616917649"
"883","11783","12105","19.458616917649"
"884","11618","12120","30.6868156065486"
"885","11955","12245","19.5830972439768"
"886","11955","12246","19.5830972439768"
"887","11955","12247","19.5830972439768"
"888","11346","12259","56.648183766664"
"889","12120","12273","11.4641986945278"
"890","11732","12295","36.6112741132913"
"891","11732","12296","36.6112741132913"
"892","12043","12364","23.1979342400075"
"893","12043","12365","23.1979342400075"
"894","12043","12366","23.1979342400075"
"895","11649","12445","50.5904370012809"
"896","11649","12446","50.5904370012809"
"897","12365","12453","4.67490592649563"
"898","12365","12454","4.67490592649563"
"899","12365","12455","4.67490592649563"
"900","12295","12483","10.8839876625314"
"901","11798","12502","44.2197036457079"
"902","12502","12568","4.78716650432295"
"903","12502","12569","4.78716650432295"
"904","12502","12570","4.78716650432295"
"905","12502","12571","4.78716650432295"
"906","12502","12572","4.78716650432295"
"907","12502","12573","4.78716650432295"
"908","11784","12580","50.6758041310997"
"909","11801","12671","55.8379095942317"
"910","11801","12672","55.8379095942317"
"911","11751","12676","58.4810199624343"
"912","11956","12724","48.9131943693455"
"913","11956","12725","48.9131943693455"
"914","12672","12735","3.25233793938003"
"915","12296","12768","28.4974327483665"
"916","12296","12769","28.4974327483665"
"917","12568","12772","12.5125597063764"
"918","12571","12807","15.4102420573915"
"919","12725","12847","7.91603058076919"
"920","10336","12903","154.591664837817"
"921","12768","12910","9.60387124042563"
"922","12094","12911","53.5005218018422"
"923","12847","12924","4.97036220080543"
"924","12769","12961","14.0949379306593"
"925","9573","12983","202.989124277855"
"926","12455","13006","35.8131959946951"
"927","10696","13033","142.602087409141"
"928","10696","13034","142.602087409141"
"929","10696","13035","142.602087409141"
"930","12259","13089","50.4882676014576"
"931","12259","13090","50.4882676014576"
"932","12259","13091","50.4882676014576"
"933","12735","13098","22.2407552211617"
"934","12903","13106","10.8081741886157"
"935","12724","13132","25.3160287343708"
"936","12724","13133","25.3160287343708"
"937","12724","13134","25.3160287343708"
"938","12910","13140","13.623630736044"
"939","12910","13141","13.623630736044"
"940","12772","13178","25.5898022645974"
"941","12772","13179","25.5898022645974"
"942","12772","13180","25.5898022645974"
"943","12772","13181","25.5898022645974"
"944","13035","13271","13.4057765150909"
"945","13035","13272","13.4057765150909"
"946","13035","13273","13.4057765150909"
"947","13035","13274","13.4057765150909"
"948","12961","13310","19.4192291437344"
"949","12961","13311","19.4192291437344"
"950","12961","13312","19.4192291437344"
"951","12961","13313","19.4192291437344"
"952","12961","13314","19.4192291437344"
"953","13098","13331","14.3707891248216"
"954","13181","13358","9.58410231212588"
"955","13181","13359","9.58410231212588"
"956","12983","13369","20.2387786759958"
"957","12983","13370","20.2387786759958"
"958","13132","13373","13.2393585016974"
"959","13106","13470","19.8717902300402"
"960","13106","13471","19.8717902300402"
"961","13359","13502","7.19158883841055"
"962","13359","13503","7.19158883841055"
"963","13359","13504","7.19158883841055"
"964","13359","13505","7.19158883841055"
"965","13180","13513","17.4497528113111"
"966","13140","13532","20.806950826575"
"967","13331","13533","9.75279648564185"
"968","13331","13534","9.75279648564185"
"969","13331","13535","9.75279648564185"
"970","13470","13561","5.94492341355419"
"971","13089","13562","26.4603208895875"
"972","13089","13563","26.4603208895875"
"973","13089","13564","26.4603208895875"
"974","13369","13589","11.7781827610258"
"975","13091","13591","28.3540121364643"
"976","13091","13592","28.3540121364643"
"977","13591","13646","2.62752084602755"
"978","13591","13647","2.62752084602755"
"979","13591","13648","2.62752084602755"
"980","13591","13649","2.62752084602755"
"981","13591","13650","2.62752084602755"
"982","13503","13655","8.59817613674613"
"983","13503","13656","8.59817613674613"
"984","13503","13657","8.59817613674613"
"985","13503","13658","8.59817613674613"
"986","13503","13659","8.59817613674613"
"987","13564","13678","6.41803400746676"
"988","13471","13692","12.7399583695978"
"989","13471","13693","12.7399583695978"
"990","13471","13694","12.7399583695978"
"991","13502","13697","10.4158910902557"
"992","13502","13698","10.4158910902557"
"993","13502","13699","10.4158910902557"
"994","13178","13711","27.751111351429"
"995","13313","13720","20.6696868017923"
"996","13313","13721","20.6696868017923"
"997","13534","13751","11.0382368969241"
"998","13534","13752","11.0382368969241"
"999","13033","13774","38.8785762514684"
"1000","13033","13775","38.8785762514684"
"1001","13033","13776","38.8785762514684"
"1002","13033","13777","38.8785762514684"
"1003","13720","13797","2.92980362979938"
"1004","13720","13798","2.92980362979938"
"1005","13311","13806","23.9070665640184"
"1006","13592","13820","9.97476035556826"
"1007","12570","13845","71.1926669803433"
"1008","13274","13852","28.4940631395151"
"1009","13274","13853","28.4940631395151"
"1010","13751","13860","4.99657079264659"
"1011","13648","13871","10.3064755495116"
"1012","13648","13872","10.3064755495116"
"1013","13648","13873","10.3064755495116"
"1014","13648","13874","10.3064755495116"
"1015","13179","13880","35.4132448392048"
"1016","13646","13895","11.4837306908861"
"1017","13373","13920","26.9083976770258"
"1018","13373","13921","26.9083976770258"
"1019","13692","13927","10.0188229311365"
"1020","13777","13949","8.24260676060885"
"1021","13777","13950","8.24260676060885"
"1022","13852","13951","5.28374458587234"
"1023","13314","13952","31.5572597961276"
"1024","13647","13970","15.614308864757"
"1025","13647","13971","15.614308864757"
"1026","13647","13972","15.614308864757"
"1027","13647","13973","15.614308864757"
"1028","13647","13974","15.614308864757"
"1029","13647","13975","15.614308864757"
"1030","13370","13981","30.8764289899282"
"1031","13370","13982","30.8764289899282"
"1032","13370","13983","30.8764289899282"
"1033","13697","14035","17.9082483403538"
"1034","13871","14042","11.0331334829372"
"1035","13983","14045","5.38423232881735"
"1036","13983","14046","5.38423232881735"
"1037","13983","14047","5.38423232881735"
"1038","13983","14048","5.38423232881735"
"1039","13983","14049","5.38423232881735"
"1040","13873","14089","13.3981102591905"
"1041","13970","14132","9.68417276437435"
"1042","13970","14133","9.68417276437435"
"1043","13532","14134","31.9746726952388"
"1044","13532","14135","31.9746726952388"
"1045","13532","14136","31.9746726952388"
"1046","13532","14137","31.9746726952388"
"1047","13532","14138","31.9746726952388"
"1048","13532","14139","31.9746726952388"
"1049","13860","14184","18.1057274681314"
"1050","13860","14185","18.1057274681314"
"1051","13860","14186","18.1057274681314"
"1052","13860","14187","18.1057274681314"
"1053","13860","14188","18.1057274681314"
"1054","13860","14189","18.1057274681314"
"1055","13975","14209","12.5533607454224"
"1056","13975","14210","12.5533607454224"
"1057","13589","14220","31.3159784983734"
"1058","13589","14221","31.3159784983734"
"1059","13650","14253","30.1831430913252"
"1060","14209","14268","3.62895208139696"
"1061","14209","14269","3.62895208139696"
"1062","14209","14270","3.62895208139696"
"1063","14185","14300","5.18544419486057"
"1064","13721","14301","29.5665696003844"
"1065","13797","14335","27.9893993756084"
"1066","13920","14338","22.7815716480004"
"1067","14137","14343","10.0033662140033"
"1068","14220","14351","7.50934186711902"
"1069","14220","14352","7.50934186711902"
"1070","13972","14377","21.3959206696099"
"1071","13972","14378","21.3959206696099"
"1072","13972","14379","21.3959206696099"
"1073","13972","14380","21.3959206696099"
"1074","13972","14381","21.3959206696099"
"1075","13972","14382","21.3959206696099"
"1076","13678","14428","38.1230644032282"
"1077","14136","14441","15.8000671177398"
"1078","14186","14476","15.8214722614114"
"1079","13820","14480","36.5438416216649"
"1080","13872","14492","34.3781166520771"
"1081","14382","14516","9.08052831497309"
"1082","14382","14517","9.08052831497309"
"1083","13505","14524","54.6645281161487"
"1084","13657","14546","47.2858487617439"
"1085","14134","14547","22.491040744128"
"1086","14377","14563","11.9363343312575"
"1087","14210","14581","22.6295083357139"
"1088","14379","14584","13.9017933637443"
"1089","14338","14618","17.0550564386028"
"1090","14338","14619","17.0550564386028"
"1091","14189","14623","24.6578547638018"
"1092","14189","14624","24.6578547638018"
"1093","14189","14625","24.6578547638018"
"1094","14335","14658","19.8080254717717"
"1095","14335","14659","19.8080254717717"
"1096","14335","14660","19.8080254717717"
"1097","14270","14676","22.945660798144"
"1098","14089","14696","31.7790387789743"
"1099","14089","14697","31.7790387789743"
"1100","14089","14698","31.7790387789743"
"1101","14351","14707","19.9704188619683"
"1102","14351","14708","19.9704188619683"
"1103","14351","14709","19.9704188619683"
"1104","13974","14753","42.3451917051831"
"1105","14381","14773","22.5280183791292"
"1106","14381","14774","22.5280183791292"
"1107","14381","14775","22.5280183791292"
"1108","14381","14776","22.5280183791292"
"1109","14618","14790","9.21316779767631"
"1110","14696","14795","5.95796974702364"
"1111","14619","14807","9.60802327261763"
"1112","14619","14808","9.60802327261763"
"1113","14619","14809","9.60802327261763"
"1114","14619","14810","9.60802327261763"
"1115","14584","14824","10.990593937"
"1116","14584","14825","10.990593937"
"1117","14581","14830","11.3462864104598"
"1118","14581","14831","11.3462864104598"
"1119","14753","14852","4.94166906625776"
"1120","13659","14854","62.5792902935399"
"1121","14188","14905","37.8016976964392"
"1122","14188","14906","37.8016976964392"
"1123","14441","14927","25.0761991051857"
"1124","13927","14981","57.0070667132021"
"1125","13927","14982","57.0070667132021"
"1126","14697","14998","14.9969379472884"
"1127","14697","14999","14.9969379472884"
"1128","14697","15000","14.9969379472884"
"1129","13981","15003","54.5497655578922"
"1130","14269","15012","39.2720143348291"
"1131","14045","15039","50.4678423478018"
"1132","14045","15040","50.4678423478018"
"1133","14774","15053","12.6931749975013"
"1134","14624","15065","20.261808543743"
"1135","14624","15066","20.261808543743"
"1136","14624","15067","20.261808543743"
"1137","14624","15068","20.261808543743"
"1138","14981","15086","4.46973131574566"
"1139","14981","15087","4.46973131574566"
"1140","14773","15116","15.80286457952"
"1141","14905","15178","12.624896505395"
"1142","14807","15181","16.7563695320903"
"1143","14807","15182","16.7563695320903"
"1144","14807","15183","16.7563695320903"
"1145","14807","15184","16.7563695320903"
"1146","14790","15251","20.9689608268438"
"1147","15067","15258","10.1364954728746"
"1148","15067","15259","10.1364954728746"
"1149","15067","15260","10.1364954728746"
"1150","14906","15269","17.9224520417185"
"1151","15087","15280","10.1052813693839"
"1152","14775","15288","24.7271704848556"
"1153","14830","15312","23.1285593049233"
"1154","15181","15364","8.44589451719116"
"1155","15181","15365","8.44589451719116"
"1156","15068","15381","14.7877517042122"
"1157","15183","15387","9.7436633706825"
"1158","14492","15452","46.4343466480402"
"1159","14492","15453","46.4343466480402"
"1160","14492","15454","46.4343466480402"
"1161","14492","15455","46.4343466480402"
"1162","15012","15457","20.178137142291"
"1163","15012","15458","20.178137142291"
"1164","15184","15463","13.943386149761"
"1165","15184","15464","13.943386149761"
"1166","15184","15465","13.943386149761"
"1167","14998","15483","22.785238891432"
"1168","15269","15495","10.5846553006269"
"1169","15269","15496","10.5846553006269"
"1170","13952","15516","81.6294463353566"
"1171","13952","15517","81.6294463353566"
"1172","13952","15518","81.6294463353566"
"1173","13952","15519","81.6294463353566"
"1174","13952","15520","81.6294463353566"
"1175","13952","15521","81.6294463353566"
"1176","13952","15522","81.6294463353566"
"1177","13952","15523","81.6294463353566"
"1178","14810","15524","34.4975583152706"
"1179","14810","15525","34.4975583152706"
"1180","14659","15548","42.8217007434814"
"1181","14659","15549","42.8217007434814"
"1182","14659","15550","42.8217007434814"
"1183","15000","15580","27.6996389262747"
"1184","14982","15590","29.1902492851702"
"1185","15116","15661","26.4824238403463"
"1186","15116","15662","26.4824238403463"
"1187","15312","15686","17.7502875388537"
"1188","15522","15700","7.26138408845623"
"1189","15522","15701","7.26138408845623"
"1190","15590","15705","5.29858262388473"
"1191","15086","15720","31.1093959636451"
"1192","15365","15724","18.5488933665458"
"1193","15365","15725","18.5488933665458"
"1194","15523","15769","11.6913638467428"
"1195","15517","15776","12.2242936602822"
"1196","14808","15798","48.0566370502451"
"1197","14660","15803","55.637215687925"
"1198","14660","15804","55.637215687925"
"1199","15066","15808","37.7325500023264"
"1200","13006","15833","145.564830203039"
"1201","13006","15834","145.564830203039"
"1202","15452","15855","21.0584665492967"
"1203","15452","15856","21.0584665492967"
"1204","15452","15857","21.0584665492967"
"1205","15452","15858","21.0584665492967"
"1206","15550","15877","16.5028959927406"
"1207","14999","15885","43.5804801805965"
"1208","15288","15923","32.4893915635593"
"1209","15182","15940","39.1744376407788"
"1210","15182","15941","39.1744376407788"
"1211","15465","15943","25.4923503529837"
"1212","12911","15970","160.818754405091"
"1213","12911","15971","160.818754405091"
"1214","15662","15978","18.4500681606305"
"1215","15387","15981","32.3197247386845"
"1216","15464","15999","29.5301780278949"
"1217","15769","16000","14.3506078653004"
"1218","15769","16001","14.3506078653004"
"1219","15769","16002","14.3506078653004"
"1220","16001","16031","1.48441336231622"
"1221","15548","16035","26.7147461531055"
"1222","15454","16042","33.0036775182307"
"1223","15877","16062","11.9535757027986"
"1224","15923","16063","8.93867245007414"
"1225","15364","16064","38.825797973279"
"1226","15970","16083","7.52156468198962"
"1227","15970","16084","7.52156468198962"
"1228","15970","16085","7.52156468198962"
"1229","15970","16086","7.52156468198962"
"1230","15970","16087","7.52156468198962"
"1231","15970","16088","7.52156468198962"
"1232","15940","16097","10.1287702084716"
"1233","16064","16110","2.95119187483067"
"1234","15725","16119","23.7673365864422"
"1235","15705","16133","26.4006712429651"
"1236","15705","16134","26.4006712429651"
"1237","15705","16135","26.4006712429651"
"1238","15705","16136","26.4006712429651"
"1239","15705","16137","26.4006712429651"
"1240","15943","16195","16.4802019371515"
"1241","15943","16196","16.4802019371515"
"1242","15040","16197","62.3443159536872"
"1243","16084","16199","7.08835271081864"
"1244","15981","16225","16.0350940989774"
"1245","15661","16230","34.9310077508658"
"1246","15661","16231","34.9310077508658"
"1247","16088","16238","10.1147335079297"
"1248","16088","16239","10.1147335079297"
"1249","14776","16240","77.9851298514706"
"1250","15453","16246","46.6892444689099"
"1251","16035","16256","15.0894870897057"
"1252","15834","16293","30.0106513803701"
"1253","16087","16308","14.9540306483353"
"1254","16110","16317","14.3764159989014"
"1255","16110","16318","14.3764159989014"
"1256","16110","16319","14.3764159989014"
"1257","16110","16320","14.3764159989014"
"1258","16062","16321","17.5510925915225"
"1259","16196","16380","13.7976049724307"
"1260","16230","16393","13.0770901113859"
"1261","16230","16394","13.0770901113859"
"1262","16230","16395","13.0770901113859"
"1263","16256","16411","12.674978914095"
"1264","16308","16417","10.2871006783261"
"1265","15798","16431","43.6721538291415"
"1266","16042","16452","30.1420990542024"
"1267","15999","16467","33.2038844673646"
"1268","15999","16468","33.2038844673646"
"1269","16136","16488","25.7277295794235"
"1270","16136","16489","25.7277295794235"
"1271","16136","16490","25.7277295794235"
"1272","16136","16491","25.7277295794235"
"1273","16321","16546","16.8550123273507"
"1274","16467","16547","4.89258143051927"
"1275","15700","16654","62.1727591221386"
"1276","16490","16673","11.0658202216699"
"1277","16317","16724","25.8709171924347"
"1278","16317","16725","25.8709171924347"
"1279","16317","16726","25.8709171924347"
"1280","16317","16727","25.8709171924347"
"1281","16317","16728","25.8709171924347"
"1282","16317","16729","25.8709171924347"
"1283","16317","16730","25.8709171924347"
"1284","16317","16731","25.8709171924347"
"1285","16317","16732","25.8709171924347"
"1286","16197","16776","39.1808583205724"
"1287","15724","16780","68.6516615153885"
"1288","16654","16781","8.73689116823937"
"1289","15971","16797","55.4908325203281"
"1290","15971","16798","55.4908325203281"
"1291","16730","16810","6.76779360527246"
"1292","16730","16811","6.76779360527246"
"1293","16730","16812","6.76779360527246"
"1294","16730","16813","6.76779360527246"
"1295","16730","16814","6.76779360527246"
"1296","16724","16835","7.95514377166353"
"1297","16319","16864","35.5014224902444"
"1298","16776","16898","8.0645166408616"
"1299","16776","16899","8.0645166408616"
"1300","16776","16900","8.0645166408616"
"1301","16798","16909","6.61514787507917"
"1302","16083","16938","55.6239990490241"
"1303","16083","16939","55.6239990490241"
"1304","16083","16940","55.6239990490241"
"1305","16468","16952","28.0504267179405"
"1306","16468","16953","28.0504267179405"
"1307","16797","16955","8.00582643878863"
"1308","16797","16956","8.00582643878863"
"1309","16797","16957","8.00582643878863"
"1310","16491","16989","29.3901700477272"
"1311","16417","17029","35.0963380214529"
"1312","16673","17063","23.5436247754569"
"1313","16955","17139","11.3939799941293"
"1314","16898","17149","13.6542696022912"
"1315","16898","17150","13.6542696022912"
"1316","16810","17154","19.869754642935"
"1317","16810","17155","19.869754642935"
"1318","16810","17156","19.869754642935"
"1319","16900","17212","19.1945065999317"
"1320","16900","17213","19.1945065999317"
"1321","16939","17232","19.1026519890295"
"1322","17063","17233","11.5524625570027"
"1323","16909","17278","22.478850462836"
"1324","16909","17279","22.478850462836"
"1325","16909","17280","22.478850462836"
"1326","16135","17305","75.2027322257787"
"1327","16940","17363","27.276128131786"
"1328","16940","17364","27.276128131786"
"1329","16940","17365","27.276128131786"
"1330","16940","17366","27.276128131786"
"1331","16940","17367","27.276128131786"
"1332","17149","17396","16.6786831215176"
"1333","17150","17401","17.855301614617"
"1334","17150","17402","17.855301614617"
"1335","17156","17424","20.0366763709826"
"1336","17156","17425","20.0366763709826"
"1337","17156","17426","20.0366763709826"
"1338","17156","17427","20.0366763709826"
"1339","17396","17443","4.2272947283476"
"1340","17279","17466","12.6536607322565"
"1341","17279","17467","12.6536607322565"
"1342","17279","17468","12.6536607322565"
"1343","16728","17493","49.6390246927895"
"1344","16728","17494","49.6390246927895"
"1345","16728","17495","49.6390246927895"
"1346","16728","17496","49.6390246927895"
"1347","16728","17497","49.6390246927895"
"1348","17280","17549","18.1128282884553"
"1349","17280","17550","18.1128282884553"
"1350","17443","17577","8.60143593641146"
"1351","17443","17578","8.60143593641146"
"1352","16952","17630","45.063530705366"
"1353","17577","17697","7.44054038310037"
"1354","17577","17698","7.44054038310037"
"1355","16864","17709","54.7566180213294"
"1356","16864","17710","54.7566180213294"
"1357","17495","17747","17.4789173851552"
"1358","17550","17772","15.177582889823"
"1359","17550","17773","15.177582889823"
"1360","17550","17774","15.177582889823"
"1361","17425","17776","22.4020954107542"
"1362","16956","17777","54.750710805548"
"1363","16956","17778","54.750710805548"
"1364","16956","17779","54.750710805548"
"1365","17630","17799","12.0199354119061"
"1366","17799","17882","5.39090395881976"
"1367","17698","17912","16.2362691328847"
"1368","17698","17913","16.2362691328847"
"1369","16835","17917","71.8842471263049"
"1370","17401","17927","36.4017543591596"
"1371","17401","17928","36.4017543591596"
"1372","17549","17930","27.2081083084879"
"1373","17779","18013","17.7842788354386"
"1374","17779","18014","17.7842788354386"
"1375","17779","18015","17.7842788354386"
"1376","17365","18024","46.4358840127834"
"1377","17578","18080","36.0139480215664"
"1378","17578","18081","36.0139480215664"
"1379","17424","18083","45.5687929093035"
"1380","17424","18084","45.5687929093035"
"1381","18024","18100","5.0302631473096"
"1382","18024","18101","5.0302631473096"
"1383","18024","18102","5.0302631473096"
"1384","17710","18120","30.0513455245368"
"1385","17710","18121","30.0513455245368"
"1386","17710","18122","30.0513455245368"
"1387","17710","18123","30.0513455245368"
"1388","18013","18158","11.2821546720072"
"1389","17467","18240","55.2764657895046"
"1390","18083","18241","11.17062890447"
"1391","17912","18260","24.9468391261678"
"1392","17912","18261","24.9468391261678"
"1393","18102","18263","11.8240650963733"
"1394","18102","18264","11.8240650963733"
"1395","18102","18265","11.8240650963733"
"1396","18102","18266","11.8240650963733"
"1397","18102","18267","11.8240650963733"
"1398","17493","18268","54.9950051686659"
"1399","18121","18284","11.4212220246193"
"1400","18084","18307","16.7072382462036"
"1401","18084","18308","16.7072382462036"
"1402","17366","18322","69.1433833388485"
"1403","18240","18350","8.40637506994312"
"1404","18284","18375","7.92702758036262"
"1405","17494","18376","64.3252589314221"
"1406","17494","18377","64.3252589314221"
"1407","17494","18378","64.3252589314221"
"1408","17494","18379","64.3252589314221"
"1409","18308","18401","7.08111006005515"
"1410","18265","18413","12.1355819819212"
"1411","18377","18432","4.38805422840915"
"1412","18377","18433","4.38805422840915"
"1413","18377","18434","4.38805422840915"
"1414","18260","18454","15.3073114413808"
"1415","18307","18474","12.1588136057512"
"1416","16488","18513","136.966888705522"
"1417","16488","18514","136.966888705522"
"1418","16488","18515","136.966888705522"
"1419","18434","18539","8.55720064745287"
"1420","18434","18540","8.55720064745287"
"1421","18434","18541","8.55720064745287"
"1422","18434","18542","8.55720064745287"
"1423","18434","18543","8.55720064745287"
"1424","18413","18550","10.9423685370705"
"1425","18263","18552","23.2748232901836"
"1426","18263","18553","23.2748232901836"
"1427","18263","18554","23.2748232901836"
"1428","18263","18555","23.2748232901836"
"1429","18515","18560","4.08301959239998"
"1430","18123","18572","35.0176830291562"
"1431","18123","18573","35.0176830291562"
"1432","18378","18614","18.2768909765111"
"1433","18378","18615","18.2768909765111"
"1434","18378","18616","18.2768909765111"
"1435","18378","18617","18.2768909765111"
"1436","17496","18626","82.7811036620807"
"1437","18541","18627","5.54372137793302"
"1438","18541","18628","5.54372137793302"
"1439","18541","18629","5.54372137793302"
"1440","17913","18637","53.7261176508759"
"1441","17913","18638","53.7261176508759"
"1442","18379","18640","19.3787954577392"
"1443","18379","18641","19.3787954577392"
"1444","18322","18642","22.927684021244"
"1445","18322","18643","22.927684021244"
"1446","18322","18644","22.927684021244"
"1447","18322","18645","22.927684021244"
"1448","18322","18646","22.927684021244"
"1449","18642","18667","3.0798963039972"
"1450","18642","18668","3.0798963039972"
"1451","18642","18669","3.0798963039972"
"1452","18264","18691","32.8925026867319"
"1453","18264","18692","32.8925026867319"
"1454","18627","18699","5.27517079394966"
"1455","18637","18703","4.63341592233223"
"1456","18637","18704","4.63341592233223"
"1457","18637","18705","4.63341592233223"
"1458","18637","18706","4.63341592233223"
"1459","18573","18709","8.65863986618251"
"1460","18554","18710","10.349576411453"
"1461","17709","18736","75.8356201213712"
"1462","17709","18737","75.8356201213712"
"1463","17709","18738","75.8356201213712"
"1464","18555","18756","14.018086977519"
"1465","18641","18764","9.09421217720296"
"1466","18014","18778","56.9902290358898"
"1467","18014","18779","56.9902290358898"
"1468","18401","18791","29.1747151860043"
"1469","18645","18796","12.779515122284"
"1470","18764","18804","4.57013427026732"
"1471","18764","18805","4.57013427026732"
"1472","18764","18806","4.57013427026732"
"1473","18572","18810","17.6680187835955"
"1474","18572","18811","17.6680187835955"
"1475","17882","18837","72.5502574493928"
"1476","17882","18838","72.5502574493928"
"1477","18241","18888","50.1841253583241"
"1478","18241","18889","50.1841253583241"
"1479","18810","18890","6.54710875333672"
"1480","18699","18939","20.2291626286183"
"1481","18804","18963","12.8682158355755"
"1482","18804","18964","12.8682158355755"
"1483","18837","18971","11.1389843149957"
"1484","18705","18974","22.847701206457"
"1485","18616","18999","31.691853586171"
"1486","18615","19027","33.6815062543783"
"1487","18615","19028","33.6815062543783"
"1488","18615","19029","33.6815062543783"
"1489","18615","19030","33.6815062543783"
"1490","18615","19031","33.6815062543783"
"1491","18971","19054","6.99885055170103"
"1492","18971","19055","6.99885055170103"
"1493","18553","19084","41.5324537712033"
"1494","18838","19107","21.5372325040903"
"1495","18838","19108","21.5372325040903"
"1496","18838","19109","21.5372325040903"
"1497","19027","19151","8.66307563864552"
"1498","18756","19208","37.0381884076412"
"1499","18756","19209","37.0381884076412"
"1500","19109","19234","9.14966366861177"
"1501","19028","19280","18.31064438009"
"1502","19028","19281","18.31064438009"
"1503","18888","19307","32.1799082821615"
"1504","19030","19315","21.3368920190157"
"1505","19030","19316","21.3368920190157"
"1506","19030","19317","21.3368920190157"
"1507","19030","19318","21.3368920190157"
"1508","19108","19340","18.322699118572"
"1509","19151","19347","15.5243164957353"
"1510","18963","19349","30.5471189343718"
"1511","19208","19362","12.7020712512231"
"1512","18778","19388","50.0552449004394"
"1513","19107","19402","24.3562268312346"
"1514","19055","19446","32.3078743788519"
"1515","19055","19447","32.3078743788519"
"1516","19055","19448","32.3078743788519"
"1517","19055","19449","32.3078743788519"
"1518","19449","19473","1.87724424390944"
"1519","19449","19474","1.87724424390944"
"1520","19449","19475","1.87724424390944"
"1521","19449","19476","1.87724424390944"
"1522","19316","19508","16.3520005031348"
"1523","19031","19517","38.2769988324876"
"1524","19031","19518","38.2769988324876"
"1525","19031","19519","38.2769988324876"
"1526","19031","19520","38.2769988324876"
"1527","19031","19521","38.2769988324876"
"1528","19031","19522","38.2769988324876"
"1529","19281","19596","26.3246647105748"
"1530","19281","19597","26.3246647105748"
"1531","19281","19598","26.3246647105748"
"1532","19362","19614","19.5192909183606"
"1533","19362","19615","19.5192909183606"
"1534","19519","19658","10.2474567183961"
"1535","19519","19659","10.2474567183961"
"1536","19519","19660","10.2474567183961"
"1537","19340","19666","26.370273790631"
"1538","19522","19675","11.8215416369299"
"1539","19596","19676","5.54531097353242"
"1540","19596","19677","5.54531097353242"
"1541","19596","19678","5.54531097353242"
"1542","19596","19679","5.54531097353242"
"1543","19596","19680","5.54531097353242"
"1544","19518","19684","12.4720807805056"
"1545","19614","19690","5.74335339316599"
"1546","19402","19704","22.5632604340485"
"1547","19402","19705","22.5632604340485"
"1548","19402","19706","22.5632604340485"
"1549","19474","19713","16.5839768899409"
"1550","19474","19714","16.5839768899409"
"1551","19508","19728","16.2605936446539"
"1552","19520","19729","15.781258946145"
"1553","19679","19744","4.96007036054539"
"1554","19679","19745","4.96007036054539"
"1555","19234","19776","42.9057699687989"
"1556","19234","19777","42.9057699687989"
"1557","19597","19787","12.9230135103289"
"1558","19675","19791","7.93989480357754"
"1559","19677","19799","8.99190890097884"
"1560","19615","19812","16.4255468489846"
"1561","19660","19818","13.6164789469615"
"1562","19660","19819","13.6164789469615"
"1563","19660","19820","13.6164789469615"
"1564","19660","19821","13.6164789469615"
"1565","13874","19822","386.730879580621"
"1566","13874","19823","386.730879580621"
"1567","13874","19824","386.730879580621"
"1568","13874","19825","386.730879580621"
"1569","13874","19826","386.730879580621"
"1570","19704","19840","11.6386237465802"
"1571","19704","19841","11.6386237465802"
"1572","19706","19862","12.9186018687139"
"1573","19706","19863","12.9186018687139"
"1574","19676","19870","15.295210692665"
"1575","19676","19871","15.295210692665"
"1576","19676","19872","15.295210692665"
"1577","19841","19893","3.65891222058053"
"1578","19841","19894","3.65891222058053"
"1579","19863","19924","5.39233667994313"
"1580","19598","19925","25.7736715178025"
"1581","19598","19926","25.7736715178025"
"1582","19598","19927","25.7736715178025"
"1583","19862","19948","7.48912953420518"
"1584","19862","19949","7.48912953420518"
"1585","19862","19950","7.48912953420518"
"1586","19690","19952","21.3737753174471"
"1587","19690","19953","21.3737753174471"
"1588","19820","19956","10.25153785814"
"1589","19684","19957","22.3424770993092"
"1590","19840","19966","10.1763248039304"
"1591","19840","19967","10.1763248039304"
"1592","19744","19970","18.8735496891143"
"1593","19812","20006","14.0453146004227"
"1594","19799","20007","16.5380053408503"
"1595","19799","20008","16.5380053408503"
"1596","19824","20059","15.6241579184989"
"1597","19970","20092","6.19240657163868"
"1598","19970","20093","6.19240657163868"
"1599","19970","20094","6.19240657163868"
"1600","19970","20095","6.19240657163868"
"1601","19970","20096","6.19240657163868"
"1602","19970","20097","6.19240657163868"
"1603","19925","20098","10.1031339528981"
"1604","19925","20099","10.1031339528981"
"1605","19925","20100","10.1031339528981"
"1606","19728","20112","27.0643023778603"
"1607","19728","20113","27.0643023778603"
"1608","19870","20145","17.9225393240279"
"1609","19870","20146","17.9225393240279"
"1610","19872","20158","19.1345099581558"
"1611","19956","20165","13.11828450748"
"1612","20006","20187","10.6140879001391"
"1613","20006","20188","10.6140879001391"
"1614","20006","20189","10.6140879001391"
"1615","20006","20190","10.6140879001391"
"1616","20006","20191","10.6140879001391"
"1617","19894","20199","20.3500665238987"
"1618","19894","20200","20.3500665238987"
"1619","19967","20211","14.2059575421026"
"1620","20095","20213","7.82202633255315"
"1621","20095","20214","7.82202633255315"
"1622","19957","20231","15.6160143033421"
"1623","20187","20262","5.09332045428482"
"1624","20187","20263","5.09332045428482"
"1625","19476","20271","56.1565552100653"
"1626","19476","20272","56.1565552100653"
"1627","19476","20273","56.1565552100653"
"1628","20092","20275","11.820736709544"
"1629","20214","20282","4.99938707047204"
"1630","20165","20326","10.600110559014"
"1631","20165","20327","10.600110559014"
"1632","20094","20356","18.6437385192471"
"1633","19777","20362","42.2506865599303"
"1634","20211","20366","11.9767028251515"
"1635","20113","20570","31.2624859293521"
"1636","20113","20571","31.2624859293521"
"1637","20113","20572","31.2624859293521"
"1638","20112","20633","33.8413723089636"
"1639","20189","20667","31.920316862816"
"1640","20571","20670","6.33323701913309"
"1641","20097","20671","38.4815366512248"
"1642","20146","20685","36.8573536855263"
"1643","20146","20686","36.8573536855263"
"1644","19966","20695","47.3037414846065"
"1645","19966","20696","47.3037414846065"
"1646","19966","20697","47.3037414846065"
"1647","19966","20698","47.3037414846065"
"1648","20667","20709","3.06261233504324"
"1649","20686","20766","6.08899088321914"
"1650","20572","20783","15.6289200344449"
"1651","20263","20817","38.6725862648211"
"1652","20263","20818","38.6725862648211"
"1653","20263","20819","38.6725862648211"
"1654","20263","20820","38.6725862648211"
"1655","20670","20823","11.6042744995289"
"1656","20685","20878","14.1804116714386"
"1657","20819","21019","13.0160580040745"
"1658","20695","21022","22.504200387727"
"1659","20696","21123","27.4765542941784"
"1660","20696","21124","27.4765542941784"
"1661","20696","21125","27.4765542941784"
"1662","20818","21160","20.5539866076913"
"1663","21019","21165","8.43847627646028"
"1664","20823","21188","23.6154230819855"
"1665","20823","21189","23.6154230819855"
"1666","20823","21190","23.6154230819855"
"1667","20823","21191","23.6154230819855"
"1668","19713","21192","101.642610107854"
"1669","21125","21194","5.64106465067994"
"1670","21125","21195","5.64106465067994"
"1671","21160","21309","10.285511964197"
"1672","18550","21353","202.05806125409"
"1673","20633","21387","51.3610664660102"
"1674","20633","21388","51.3610664660102"
"1675","20633","21389","51.3610664660102"
"1676","21190","21451","17.6080157148829"
"1677","21190","21452","17.6080157148829"
"1678","21389","21476","6.34687650958517"
"1679","21389","21477","6.34687650958517"
"1680","21353","21480","8.90676569665311"
"1681","21353","21481","8.90676569665311"
"1682","21353","21482","8.90676569665311"
"1683","21387","21530","9.47494638288504"
"1684","21387","21531","9.47494638288504"
"1685","21387","21532","9.47494638288504"
"1686","21189","21537","22.4747150063567"
"1687","21191","21589","27.318489897928"
"1688","21191","21590","27.318489897928"
"1689","21191","21591","27.318489897928"
"1690","21452","21635","11.3040402528832"
"1691","21123","21709","39.4828083776908"
"1692","21532","21732","13.5896193998497"
"1693","21532","21733","13.5896193998497"
"1694","21532","21734","13.5896193998497"
"1695","21476","21744","18.2295001350176"
"1696","21589","21752","9.69327680274637"
"1697","21589","21753","9.69327680274637"
"1698","21589","21754","9.69327680274637"
"1699","21589","21755","9.69327680274637"
"1700","21537","21760","14.7450245107884"
"1701","21537","21761","14.7450245107884"
"1702","21537","21762","14.7450245107884"
"1703","21022","21763","47.6426327045667"
"1704","21022","21764","47.6426327045667"
"1705","21022","21765","47.6426327045667"
"1706","21530","21776","16.1545162765085"
"1707","21530","21777","16.1545162765085"
"1708","21482","21788","19.5865573887668"
"1709","21482","21789","19.5865573887668"
"1710","18514","21815","236.202283983799"
"1711","21531","21822","19.2783451327994"
"1712","21531","21823","19.2783451327994"
"1713","21531","21824","19.2783451327994"
"1714","21762","21855","6.12424712622737"
"1715","21762","21856","6.12424712622737"
"1716","21762","21857","6.12424712622737"
"1717","21762","21858","6.12424712622737"
"1718","21762","21859","6.12424712622737"
"1719","21753","21879","7.63519199363577"
"1720","21753","21880","7.63519199363577"
"1721","21753","21881","7.63519199363577"
"1722","21753","21882","7.63519199363577"
"1723","20231","21910","111.716933951981"
"1724","20231","21911","111.716933951981"
"1725","20231","21912","111.716933951981"
"1726","20231","21913","111.716933951981"
"1727","21859","21925","4.22362799015741"
"1728","21859","21926","4.22362799015741"
"1729","21309","21931","40.853915491035"
"1730","21761","21958","12.7942546343022"
"1731","21761","21959","12.7942546343022"
"1732","21761","21960","12.7942546343022"
"1733","21763","21996","14.5964633656079"
"1734","21763","21997","14.5964633656079"
"1735","21763","21998","14.5964633656079"
"1736","21763","21999","14.5964633656079"
"1737","21755","22050","18.4180127135344"
"1738","21857","22053","12.5902638125808"
"1739","21855","22085","14.7240024676521"
"1740","21855","22086","14.7240024676521"
"1741","21855","22087","14.7240024676521"
"1742","21855","22088","14.7240024676521"
"1743","21910","22092","11.8610627365592"
"1744","21760","22101","21.537848201458"
"1745","21911","22116","12.7531575034"
"1746","21879","22137","15.5746350846121"
"1747","21879","22138","15.5746350846121"
"1748","21879","22139","15.5746350846121"
"1749","21879","22140","15.5746350846121"
"1750","21789","22149","22.4695238526826"
"1751","21789","22150","22.4695238526826"
"1752","21481","22166","42.8051777719043"
"1753","21481","22167","42.8051777719043"
"1754","21481","22168","42.8051777719043"
"1755","21481","22169","42.8051777719043"
"1756","21481","22170","42.8051777719043"
"1757","22050","22173","6.44356972629862"
"1758","21913","22179","16.4164518076493"
"1759","21913","22180","16.4164518076493"
"1760","21913","22181","16.4164518076493"
"1761","22085","22182","4.95504504498035"
"1762","19473","22190","181.289961789131"
"1763","21999","22192","11.4577889529667"
"1764","21999","22193","11.4577889529667"
"1765","21931","22234","17.3765338256576"
"1766","21931","22235","17.3765338256576"
"1767","21931","22236","17.3765338256576"
"1768","21590","22245","38.6708464327535"
"1769","22088","22252","8.80694352554815"
"1770","22088","22253","8.80694352554815"
"1771","22088","22254","8.80694352554815"
"1772","21998","22283","16.5521601266569"
"1773","22138","22288","8.40440012095382"
"1774","21734","22295","33.2283131746556"
"1775","21926","22302","21.3223691940475"
"1776","22173","22340","9.72826198490998"
"1777","22253","22352","5.46544885906337"
"1778","22150","22370","13.2511305366957"
"1779","22179","22468","17.2783154169231"
"1780","22352","22469","8.20425984800022"
"1781","22352","22470","8.20425984800022"
"1782","22288","22486","12.9222935027619"
"1783","22190","22498","19.3839716981895"
"1784","22053","22547","29.2608882280758"
"1785","22295","22551","16.7110708594175"
"1786","22180","22563","22.8224679027464"
"1787","22180","22564","22.8224679027464"
"1788","22180","22565","22.8224679027464"
"1789","22180","22566","22.8224679027464"
"1790","22370","22570","12.3707869376271"
"1791","22302","22581","18.1206286292324"
"1792","22254","22613","21.6272769263958"
"1793","22166","22624","27.0101213698517"
"1794","22166","22625","27.0101213698517"
"1795","22166","22626","27.0101213698517"
"1796","21124","22667","97.0927309739593"
"1797","21124","22668","97.0927309739593"
"1798","21124","22669","97.0927309739593"
"1799","21124","22670","97.0927309739593"
"1800","22149","22691","32.5611247444569"
"1801","22149","22692","32.5611247444569"
"1802","21733","22741","62.1918500694621"
"1803","22581","22803","13.8028059235485"
"1804","22565","22886","20.5523591205765"
"1805","22565","22887","20.5523591205765"
"1806","22565","22888","20.5523591205765"
"1807","22101","22901","48.546357840381"
"1808","22563","22910","22.2471960175212"
"1809","22564","22973","25.7920444893698"
"1810","22564","22974","25.7920444893698"
"1811","22564","22975","25.7920444893698"
"1812","22486","22984","30.549073799516"
"1813","22486","22985","30.549073799516"
"1814","22486","22986","30.549073799516"
"1815","22486","22987","30.549073799516"
"1816","22692","23003","19.5037243024012"
"1817","22498","23067","34.5637061198236"
"1818","21752","23168","85.8201252074039"
"1819","22901","23213","18.0052396809622"
"1820","22901","23214","18.0052396809622"
"1821","23003","23246","14.3338086162362"
"1822","22973","23271","16.8600215532288"
"1823","22973","23272","16.8600215532288"
"1824","21856","23273","85.7914330377939"
"1825","22140","23331","71.3833287511306"
"1826","21959","23425","88.267001593447"
"1827","22668","23477","48.7852176892798"
"1828","22668","23478","48.7852176892798"
"1829","22984","23513","30.7619327780401"
"1830","22984","23514","30.7619327780401"
"1831","22234","23529","78.8285374663726"
"1832","22887","23585","40.7732581843072"
"1833","23529","23662","7.05581659447535"
"1834","23529","23663","7.05581659447535"
"1835","22741","23684","55.241530215724"
"1836","22987","23756","45.839681229156"
"1837","22987","23757","45.839681229156"
"1838","22974","23786","47.4273615637703"
"1839","23168","23787","36.5464498161746"
"1840","23168","23788","36.5464498161746"
"1841","23168","23789","36.5464498161746"
"1842","23168","23790","36.5464498161746"
"1843","23788","23824","1.4473115056594"
"1844","23788","23825","1.4473115056594"
"1845","23663","23923","15.2119955208445"
"1846","23684","23994","18.2010603449905"
"1847","22985","24007","60.1253546765852"
"1848","22985","24008","60.1253546765852"
"1849","22985","24009","60.1253546765852"
"1850","23994","24147","9.32186372846058"
"1851","23271","24238","56.5739192277535"
"1852","24009","24291","15.6482996690881"
"1853","24009","24292","15.6482996690881"
"1854","23067","24364","75.3210168663434"
"1855","23067","24365","75.3210168663434"
"1856","23067","24366","75.3210168663434"
"1857","23067","24367","75.3210168663434"
"1858","23067","24368","75.3210168663434"
"1859","24008","24462","25.3259789363738"
"1860","24008","24463","25.3259789363738"
"1861","24291","24545","13.5403530252449"
"1862","24291","24546","13.5403530252449"
"1863","24462","24617","9.55913962979093"
"1864","24292","24628","20.7594435116296"
"1865","22886","24644","103.502362126095"
"1866","22886","24645","103.502362126095"
"1867","24617","24854","17.3133453578059"
"1868","23789","24927","69.7360341062999"
"1869","23789","24928","69.7360341062999"
"1870","24545","24960","30.4516405861018"
"1871","24546","25018","35.0100473836349"
"1872","24546","25019","35.0100473836349"
"1873","24365","25111","51.0430481131741"
"1874","24463","25116","46.0492962906944"
"1875","24463","25117","46.0492962906944"
"1876","24463","25118","46.0492962906944"
"1877","24928","25122","14.558236565005"
"1878","24854","25239","25.6834395276478"
"1879","24367","25286","59.6850016007654"
"1880","24927","25295","23.1792719041755"
"1881","24645","25489","54.1431582077007"
"1882","24644","25522","56.0701595515286"
"1883","25489","25630","11.0255925856306"
"1884","25489","25631","11.0255925856306"
"1885","25111","25641","32.4247394187043"
"1886","25111","25642","32.4247394187043"
"1887","25111","25643","32.4247394187043"
"1888","25111","25644","32.4247394187043"
"1889","25522","25659","10.8620846687593"
"1890","25659","25857","15.3337296752059"
"1891","25642","25884","18.1747336946412"
"1892","25642","25885","18.1747336946412"
"1893","25295","25917","44.0312869999648"
"1894","25643","26085","29.7452461746182"
"1895","25643","26086","29.7452461746182"
"1896","25643","26087","29.7452461746182"
"1897","25857","26089","13.6884481924665"
"1898","25641","26184","35.4877709123227"
"1899","26184","26307","7.47780412522889"
"1900","26184","26308","7.47780412522889"
"1901","26308","26580","16.4543072383926"
"1902","26308","26581","16.4543072383926"
"1903","26308","26582","16.4543072383926"
"1904","26308","26583","16.4543072383926"
"1905","26308","26584","16.4543072383926"
"1906","26087","26588","30.2379039054831"
"1907","26307","26605","18.4826975653061"
"1908","26588","26891","16.3712255465662"
"1909","26583","27106","31.734405748269"
"1910","26583","27107","31.734405748269"
"1911","26584","27129","33.1580861366174"
"1912","26584","27130","33.1580861366174"
"1913","26582","27231","38.7621343721701"
"1914","26582","27232","38.7621343721701"
"1915","27231","27303","5.14572237294919"
"1916","27106","27385","16.3450560294275"
"1917","27232","28595","77.4449358446179"
