"","meanlog","sdlog","aic","LL"
"1",-1.82702580370115,0.331990243513887,-3507322.94490949,1753663.47245474
"2",-1.82702580370115,0.331990243513887,-3507322.94490949,1753663.47245474
"3",-1.82702580370115,0.331990243513887,-3507322.94490949,1753663.47245474
"4",-1.82702580370115,0.331990243513887,-3507322.94490949,1753663.47245474
"5",-1.82702580370115,0.331990243513887,-3507322.94490949,1753663.47245474
"6",-1.82702580370115,0.331990243513887,-3507322.94490949,1753663.47245474
"7",-1.82702580370115,0.331990243513887,-3507322.94490949,1753663.47245474
"8",-1.82702580370115,0.331990243513887,-3507322.94490949,1753663.47245474
"9",-1.82702580370115,0.331990243513887,-3507322.94490949,1753663.47245474
"10",-1.82702580370115,0.331990243513887,-3507322.94490949,1753663.47245474
"11",-1.82702580370115,0.331990243513887,-3507322.94490949,1753663.47245474
"12",-1.82702580370115,0.331990243513887,-3507322.94490949,1753663.47245474
"13",-1.82702580370115,0.331990243513887,-3507322.94490949,1753663.47245474
"14",-1.82702580370115,0.331990243513887,-3507322.94490949,1753663.47245474
"15",-1.82702580370115,0.331990243513887,-3507322.94490949,1753663.47245474
"16",-1.82702580370115,0.331990243513887,-3507322.94490949,1753663.47245474
"17",-1.82702580370115,0.331990243513887,-3507322.94490949,1753663.47245474
"18",-1.82702580370115,0.331990243513887,-3507322.94490949,1753663.47245474
"19",-1.82702580370115,0.331990243513887,-3507322.94490949,1753663.47245474
"20",-1.82702580370115,0.331990243513887,-3507322.94490949,1753663.47245474
"21",-1.82702580370115,0.331990243513887,-3507322.94490949,1753663.47245474
"22",-1.82702580370115,0.331990243513887,-3507322.94490949,1753663.47245474
"23",-1.82702580370115,0.331990243513887,-3507322.94490949,1753663.47245474
"24",-1.82702580370115,0.331990243513887,-3507322.94490949,1753663.47245474
"25",-1.82702580370115,0.331990243513887,-3507322.94490949,1753663.47245474
"26",-1.82702580370115,0.331990243513887,-3507322.94490949,1753663.47245474
"27",-1.82702580370115,0.331990243513887,-3507322.94490949,1753663.47245474
"28",-1.82702580370115,0.331990243513887,-3507322.94490949,1753663.47245474
"29",-1.82702580370115,0.331990243513887,-3507322.94490949,1753663.47245474
"30",-1.82702580370115,0.331990243513887,-3507322.94490949,1753663.47245474
"31",-1.82702580370115,0.331990243513887,-3507322.94490949,1753663.47245474
"32",-1.82702580370115,0.331990243513887,-3507322.94490949,1753663.47245474
"33",-1.82702580370115,0.331990243513887,-3507322.94490949,1753663.47245474
"34",-1.82702580370115,0.331990243513887,-3507322.94490949,1753663.47245474
"35",-1.82702580370115,0.331990243513887,-3507322.94490949,1753663.47245474
"36",-1.82702580370115,0.331990243513887,-3507322.94490949,1753663.47245474
"37",-1.82702580370115,0.331990243513887,-3507322.94490949,1753663.47245474
"38",-1.82702580370115,0.331990243513887,-3507322.94490949,1753663.47245474
"39",-1.82702580370115,0.331990243513887,-3507322.94490949,1753663.47245474
"40",-1.82702580370115,0.331990243513887,-3507322.94490949,1753663.47245474
"41",-1.82702580370115,0.331990243513887,-3507322.94490949,1753663.47245474
"42",-1.82702580370115,0.331990243513887,-3507322.94490949,1753663.47245474
"43",-1.82702580370115,0.331990243513887,-3507322.94490949,1753663.47245474
"44",-1.82702580370115,0.331990243513887,-3507322.94490949,1753663.47245474
"45",-1.82702580370115,0.331990243513887,-3507322.94490949,1753663.47245474
"46",-1.82702580370115,0.331990243513887,-3507322.94490949,1753663.47245474
"47",-1.82702580370115,0.331990243513887,-3507322.94490949,1753663.47245474
"48",-1.82702580370115,0.331990243513887,-3507322.94490949,1753663.47245474
"49",-1.82702580370115,0.331990243513887,-3507322.94490949,1753663.47245474
"50",-1.82702580370115,0.331990243513887,-3507322.94490949,1753663.47245474
"51",-1.82702580370115,0.331990243513887,-3507322.94490949,1753663.47245474
"52",-1.82702580370115,0.331990243513887,-3507322.94490949,1753663.47245474
"53",-1.82702580370115,0.331990243513887,-3507322.94490949,1753663.47245474
"54",-1.82702580370115,0.331990243513887,-3507322.94490949,1753663.47245474
"55",-1.82702580370115,0.331990243513887,-3507322.94490949,1753663.47245474
"56",-1.82702580370115,0.331990243513887,-3507322.94490949,1753663.47245474
"57",-1.82702580370115,0.331990243513887,-3507322.94490949,1753663.47245474
"58",-1.82702580370115,0.331990243513887,-3507322.94490949,1753663.47245474
"59",-1.82702580370115,0.331990243513887,-3507322.94490949,1753663.47245474
"60",-1.82702580370115,0.331990243513887,-3507322.94490949,1753663.47245474
"61",-1.82702580370115,0.331990243513887,-3507322.94490949,1753663.47245474
"62",-1.82702580370115,0.331990243513887,-3507322.94490949,1753663.47245474
"63",-1.82702580370115,0.331990243513887,-3507322.94490949,1753663.47245474
"64",-1.82702580370115,0.331990243513887,-3507322.94490949,1753663.47245474
"65",-1.82702580370115,0.331990243513887,-3507322.94490949,1753663.47245474
"66",-1.82702580370115,0.331990243513887,-3507322.94490949,1753663.47245474
"67",-1.82702580370115,0.331990243513887,-3507322.94490949,1753663.47245474
"68",-1.82702580370115,0.331990243513887,-3507322.94490949,1753663.47245474
"69",-1.82702580370115,0.331990243513887,-3507322.94490949,1753663.47245474
"70",-1.82702580370115,0.331990243513887,-3507322.94490949,1753663.47245474
"71",-1.82702580370115,0.331990243513887,-3507322.94490949,1753663.47245474
"72",-1.82702580370115,0.331990243513887,-3507322.94490949,1753663.47245474
"73",-1.82702580370115,0.331990243513887,-3507322.94490949,1753663.47245474
"74",-1.82702580370115,0.331990243513887,-3507322.94490949,1753663.47245474
"75",-1.82702580370115,0.331990243513887,-3507322.94490949,1753663.47245474
"76",-1.82702580370115,0.331990243513887,-3507322.94490949,1753663.47245474
"77",-1.82702580370115,0.331990243513887,-3507322.94490949,1753663.47245474
"78",-1.82702580370115,0.331990243513887,-3507322.94490949,1753663.47245474
"79",-1.82702580370115,0.331990243513887,-3507322.94490949,1753663.47245474
"80",-1.82702580370115,0.331990243513887,-3507322.94490949,1753663.47245474
"81",-1.82702580370115,0.331990243513887,-3507322.94490949,1753663.47245474
"82",-1.82702580370115,0.331990243513887,-3507322.94490949,1753663.47245474
"83",-1.82702580370115,0.331990243513887,-3507322.94490949,1753663.47245474
"84",-1.82702580370115,0.331990243513887,-3507322.94490949,1753663.47245474
"85",-1.82702580370115,0.331990243513887,-3507322.94490949,1753663.47245474
"86",-1.82702580370115,0.331990243513887,-3507322.94490949,1753663.47245474
"87",-1.82702580370115,0.331990243513887,-3507322.94490949,1753663.47245474
"88",-1.82702580370115,0.331990243513887,-3507322.94490949,1753663.47245474
"89",-1.82702580370115,0.331990243513887,-3507322.94490949,1753663.47245474
"90",-1.82702580370115,0.331990243513887,-3507322.94490949,1753663.47245474
"91",-1.82702580370115,0.331990243513887,-3507322.94490949,1753663.47245474
"92",-1.82702580370115,0.331990243513887,-3507322.94490949,1753663.47245474
"93",-1.82702580370115,0.331990243513887,-3507322.94490949,1753663.47245474
"94",-1.82702580370115,0.331990243513887,-3507322.94490949,1753663.47245474
"95",-1.82702580370115,0.331990243513887,-3507322.94490949,1753663.47245474
"96",-1.82702580370115,0.331990243513887,-3507322.94490949,1753663.47245474
"97",-1.82702580370115,0.331990243513887,-3507322.94490949,1753663.47245474
"98",-1.82702580370115,0.331990243513887,-3507322.94490949,1753663.47245474
"99",-1.82702580370115,0.331990243513887,-3507322.94490949,1753663.47245474
"100",-1.82702580370115,0.331990243513887,-3507322.94490949,1753663.47245474
"101",-1.82702580370115,0.331990243513887,-3507322.94490949,1753663.47245474
"102",-1.82702580370115,0.331990243513887,-3507322.94490949,1753663.47245474
"103",-1.82702580370115,0.331990243513887,-3507322.94490949,1753663.47245474
"104",-1.82702580370115,0.331990243513887,-3507322.94490949,1753663.47245474
"105",-1.82702580370115,0.331990243513887,-3507322.94490949,1753663.47245474
"106",-1.82702580370115,0.331990243513887,-3507322.94490949,1753663.47245474
"107",-1.82702580370115,0.331990243513887,-3507322.94490949,1753663.47245474
"108",-1.82702580370115,0.331990243513887,-3507322.94490949,1753663.47245474
"109",-1.82702580370115,0.331990243513887,-3507322.94490949,1753663.47245474
"110",-1.82702580370115,0.331990243513887,-3507322.94490949,1753663.47245474
"111",-1.82702580370115,0.331990243513887,-3507322.94490949,1753663.47245474
"112",-1.82702580370115,0.331990243513887,-3507322.94490949,1753663.47245474
"113",-1.82702580370115,0.331990243513887,-3507322.94490949,1753663.47245474
"114",-1.82702580370115,0.331990243513887,-3507322.94490949,1753663.47245474
"115",-1.82702580370115,0.331990243513887,-3507322.94490949,1753663.47245474
"116",-1.82702580370115,0.331990243513887,-3507322.94490949,1753663.47245474
"117",-1.82702580370115,0.331990243513887,-3507322.94490949,1753663.47245474
"118",-1.82702580370115,0.331990243513887,-3507322.94490949,1753663.47245474
"119",-1.82702580370115,0.331990243513887,-3507322.94490949,1753663.47245474
"120",-1.82702580370115,0.331990243513887,-3507322.94490949,1753663.47245474
"121",-1.82702580370115,0.331990243513887,-3507322.94490949,1753663.47245474
"122",-1.82702580370115,0.331990243513887,-3507322.94490949,1753663.47245474
"123",-1.82702580370115,0.331990243513887,-3507322.94490949,1753663.47245474
"124",-1.82702580370115,0.331990243513887,-3507322.94490949,1753663.47245474
"125",-1.82702580370115,0.331990243513887,-3507322.94490949,1753663.47245474
"126",-1.82702580370115,0.331990243513887,-3507322.94490949,1753663.47245474
"127",-1.82702580370115,0.331990243513887,-3507322.94490949,1753663.47245474
"128",-1.82702580370115,0.331990243513887,-3507322.94490949,1753663.47245474
"129",-1.82702580370115,0.331990243513887,-3507322.94490949,1753663.47245474
"130",-1.82702580370115,0.331990243513887,-3507322.94490949,1753663.47245474
"131",-1.82702580370115,0.331990243513887,-3507322.94490949,1753663.47245474
"132",-1.82702580370115,0.331990243513887,-3507322.94490949,1753663.47245474
"133",-1.82702580370115,0.331990243513887,-3507322.94490949,1753663.47245474
"134",-1.82702580370115,0.331990243513887,-3507322.94490949,1753663.47245474
"135",-1.82702580370115,0.331990243513887,-3507322.94490949,1753663.47245474
"136",-1.82702580370115,0.331990243513887,-3507322.94490949,1753663.47245474
"137",-1.82702580370115,0.331990243513887,-3507322.94490949,1753663.47245474
"138",-1.82702580370115,0.331990243513887,-3507322.94490949,1753663.47245474
"139",-1.82702580370115,0.331990243513887,-3507322.94490949,1753663.47245474
"140",-1.82702580370115,0.331990243513887,-3507322.94490949,1753663.47245474
"141",-1.82702580370115,0.331990243513887,-3507322.94490949,1753663.47245474
"142",-1.82702580370115,0.331990243513887,-3507322.94490949,1753663.47245474
"143",-1.82702580370115,0.331990243513887,-3507322.94490949,1753663.47245474
"144",-1.82702580370115,0.331990243513887,-3507322.94490949,1753663.47245474
"145",-1.82702580370115,0.331990243513887,-3507322.94490949,1753663.47245474
"146",-1.82702580370115,0.331990243513887,-3507322.94490949,1753663.47245474
"147",-1.82702580370115,0.331990243513887,-3507322.94490949,1753663.47245474
"148",-1.82702580370115,0.331990243513887,-3507322.94490949,1753663.47245474
"149",-1.82702580370115,0.331990243513887,-3507322.94490949,1753663.47245474
"150",-1.82702580370115,0.331990243513887,-3507322.94490949,1753663.47245474
"151",-1.82702580370115,0.331990243513887,-3507322.94490949,1753663.47245474
"152",-1.82702580370115,0.331990243513887,-3507322.94490949,1753663.47245474
"153",-1.82702580370115,0.331990243513887,-3507322.94490949,1753663.47245474
"154",-1.82702580370115,0.331990243513887,-3507322.94490949,1753663.47245474
"155",-1.82702580370115,0.331990243513887,-3507322.94490949,1753663.47245474
"156",-1.82702580370115,0.331990243513887,-3507322.94490949,1753663.47245474
"157",-1.82702580370115,0.331990243513887,-3507322.94490949,1753663.47245474
"158",-1.82702580370115,0.331990243513887,-3507322.94490949,1753663.47245474
"159",-1.82702580370115,0.331990243513887,-3507322.94490949,1753663.47245474
"160",-1.82702580370115,0.331990243513887,-3507322.94490949,1753663.47245474
"161",-1.82702580370115,0.331990243513887,-3507322.94490949,1753663.47245474
"162",-1.82702580370115,0.331990243513887,-3507322.94490949,1753663.47245474
"163",-1.82702580370115,0.331990243513887,-3507322.94490949,1753663.47245474
"164",-1.82702580370115,0.331990243513887,-3507322.94490949,1753663.47245474
"165",-1.82702580370115,0.331990243513887,-3507322.94490949,1753663.47245474
"166",-1.82702580370115,0.331990243513887,-3507322.94490949,1753663.47245474
"167",-1.82702580370115,0.331990243513887,-3507322.94490949,1753663.47245474
"168",-1.82702580370115,0.331990243513887,-3507322.94490949,1753663.47245474
"169",-1.82702580370115,0.331990243513887,-3507322.94490949,1753663.47245474
"170",-1.82702580370115,0.331990243513887,-3507322.94490949,1753663.47245474
"171",-1.82702580370115,0.331990243513887,-3507322.94490949,1753663.47245474
"172",-1.82702580370115,0.331990243513887,-3507322.94490949,1753663.47245474
"173",-1.82702580370115,0.331990243513887,-3507322.94490949,1753663.47245474
"174",-1.82702580370115,0.331990243513887,-3507322.94490949,1753663.47245474
"175",-1.82702580370115,0.331990243513887,-3507322.94490949,1753663.47245474
"176",-1.82702580370115,0.331990243513887,-3507322.94490949,1753663.47245474
"177",-1.82702580370115,0.331990243513887,-3507322.94490949,1753663.47245474
"178",-1.82702580370115,0.331990243513887,-3507322.94490949,1753663.47245474
"179",-1.82702580370115,0.331990243513887,-3507322.94490949,1753663.47245474
"180",-1.82702580370115,0.331990243513887,-3507322.94490949,1753663.47245474
"181",-1.82702580370115,0.331990243513887,-3507322.94490949,1753663.47245474
"182",-1.82702580370115,0.331990243513887,-3507322.94490949,1753663.47245474
"183",-1.82702580370115,0.331990243513887,-3507322.94490949,1753663.47245474
"184",-1.82702580370115,0.331990243513887,-3507322.94490949,1753663.47245474
"185",-1.82702580370115,0.331990243513887,-3507322.94490949,1753663.47245474
"186",-1.82702580370115,0.331990243513887,-3507322.94490949,1753663.47245474
"187",-1.82702580370115,0.331990243513887,-3507322.94490949,1753663.47245474
"188",-1.82702580370115,0.331990243513887,-3507322.94490949,1753663.47245474
"189",-1.82702580370115,0.331990243513887,-3507322.94490949,1753663.47245474
"190",-1.82702580370115,0.331990243513887,-3507322.94490949,1753663.47245474
"191",-1.82702580370115,0.331990243513887,-3507322.94490949,1753663.47245474
"192",-1.82702580370115,0.331990243513887,-3507322.94490949,1753663.47245474
"193",-1.82702580370115,0.331990243513887,-3507322.94490949,1753663.47245474
"194",-1.82702580370115,0.331990243513887,-3507322.94490949,1753663.47245474
"195",-1.82702580370115,0.331990243513887,-3507322.94490949,1753663.47245474
"196",-1.82702580370115,0.331990243513887,-3507322.94490949,1753663.47245474
"197",-1.82702580370115,0.331990243513887,-3507322.94490949,1753663.47245474
"198",-1.82702580370115,0.331990243513887,-3507322.94490949,1753663.47245474
"199",-1.82702580370115,0.331990243513887,-3507322.94490949,1753663.47245474
"200",-1.82702580370115,0.331990243513887,-3507322.94490949,1753663.47245474
"201",-1.82702580370115,0.331990243513887,-3507322.94490949,1753663.47245474
"202",-1.82702580370115,0.331990243513887,-3507322.94490949,1753663.47245474
"203",-1.82702580370115,0.331990243513887,-3507322.94490949,1753663.47245474
"204",-1.82702580370115,0.331990243513887,-3507322.94490949,1753663.47245474
"205",-1.82702580370115,0.331990243513887,-3507322.94490949,1753663.47245474
"206",-1.82702580370115,0.331990243513887,-3507322.94490949,1753663.47245474
"207",-1.82702580370115,0.331990243513887,-3507322.94490949,1753663.47245474
"208",-1.82702580370115,0.331990243513887,-3507322.94490949,1753663.47245474
"209",-1.82702580370115,0.331990243513887,-3507322.94490949,1753663.47245474
"210",-1.82702580370115,0.331990243513887,-3507322.94490949,1753663.47245474
"211",-1.82702580370115,0.331990243513887,-3507322.94490949,1753663.47245474
"212",-1.82702580370115,0.331990243513887,-3507322.94490949,1753663.47245474
"213",-1.82702580370115,0.331990243513887,-3507322.94490949,1753663.47245474
"214",-1.82702580370115,0.331990243513887,-3507322.94490949,1753663.47245474
"215",-1.82702580370115,0.331990243513887,-3507322.94490949,1753663.47245474
"216",-1.82702580370115,0.331990243513887,-3507322.94490949,1753663.47245474
"217",-1.82702580370115,0.331990243513887,-3507322.94490949,1753663.47245474
"218",-1.82702580370115,0.331990243513887,-3507322.94490949,1753663.47245474
"219",-1.82702580370115,0.331990243513887,-3507322.94490949,1753663.47245474
"220",-1.82702580370115,0.331990243513887,-3507322.94490949,1753663.47245474
"221",-1.82702580370115,0.331990243513887,-3507322.94490949,1753663.47245474
"222",-1.82702580370115,0.331990243513887,-3507322.94490949,1753663.47245474
"223",-1.82702580370115,0.331990243513887,-3507322.94490949,1753663.47245474
"224",-1.82702580370115,0.331990243513887,-3507322.94490949,1753663.47245474
"225",-1.82702580370115,0.331990243513887,-3507322.94490949,1753663.47245474
"226",-1.82702580370115,0.331990243513887,-3507322.94490949,1753663.47245474
"227",-1.82702580370115,0.331990243513887,-3507322.94490949,1753663.47245474
"228",-1.82702580370115,0.331990243513887,-3507322.94490949,1753663.47245474
"229",-1.82702580370115,0.331990243513887,-3507322.94490949,1753663.47245474
"230",-1.82702580370115,0.331990243513887,-3507322.94490949,1753663.47245474
"231",-1.82702580370115,0.331990243513887,-3507322.94490949,1753663.47245474
"232",-1.82702580370115,0.331990243513887,-3507322.94490949,1753663.47245474
"233",-1.82702580370115,0.331990243513887,-3507322.94490949,1753663.47245474
"234",-1.82702580370115,0.331990243513887,-3507322.94490949,1753663.47245474
"235",-1.82702580370115,0.331990243513887,-3507322.94490949,1753663.47245474
"236",-1.82702580370115,0.331990243513887,-3507322.94490949,1753663.47245474
"237",-1.82702580370115,0.331990243513887,-3507322.94490949,1753663.47245474
"238",-1.82702580370115,0.331990243513887,-3507322.94490949,1753663.47245474
"239",-1.82702580370115,0.331990243513887,-3507322.94490949,1753663.47245474
"240",-1.82702580370115,0.331990243513887,-3507322.94490949,1753663.47245474
"241",-1.82702580370115,0.331990243513887,-3507322.94490949,1753663.47245474
"242",-1.82702580370115,0.331990243513887,-3507322.94490949,1753663.47245474
"243",-1.82702580370115,0.331990243513887,-3507322.94490949,1753663.47245474
"244",-1.82702580370115,0.331990243513887,-3507322.94490949,1753663.47245474
"245",-1.82702580370115,0.331990243513887,-3507322.94490949,1753663.47245474
"246",-1.82702580370115,0.331990243513887,-3507322.94490949,1753663.47245474
"247",-1.82702580370115,0.331990243513887,-3507322.94490949,1753663.47245474
"248",-1.82702580370115,0.331990243513887,-3507322.94490949,1753663.47245474
"249",-1.82702580370115,0.331990243513887,-3507322.94490949,1753663.47245474
"250",-1.82702580370115,0.331990243513887,-3507322.94490949,1753663.47245474
"251",-1.82702580370115,0.331990243513887,-3507322.94490949,1753663.47245474
"252",-1.82702580370115,0.331990243513887,-3507322.94490949,1753663.47245474
"253",-1.82702580370115,0.331990243513887,-3507322.94490949,1753663.47245474
"254",-1.82702580370115,0.331990243513887,-3507322.94490949,1753663.47245474
"255",-1.82702580370115,0.331990243513887,-3507322.94490949,1753663.47245474
"256",-1.82702580370115,0.331990243513887,-3507322.94490949,1753663.47245474
"257",-1.82702580370115,0.331990243513887,-3507322.94490949,1753663.47245474
"258",-1.82702580370115,0.331990243513887,-3507322.94490949,1753663.47245474
"259",-1.82702580370115,0.331990243513887,-3507322.94490949,1753663.47245474
"260",-1.82702580370115,0.331990243513887,-3507322.94490949,1753663.47245474
"261",-1.82702580370115,0.331990243513887,-3507322.94490949,1753663.47245474
"262",-1.82702580370115,0.331990243513887,-3507322.94490949,1753663.47245474
"263",-1.82702580370115,0.331990243513887,-3507322.94490949,1753663.47245474
"264",-1.82702580370115,0.331990243513887,-3507322.94490949,1753663.47245474
"265",-1.82702580370115,0.331990243513887,-3507322.94490949,1753663.47245474
"266",-1.82702580370115,0.331990243513887,-3507322.94490949,1753663.47245474
"267",-1.82702580370115,0.331990243513887,-3507322.94490949,1753663.47245474
"268",-1.82702580370115,0.331990243513887,-3507322.94490949,1753663.47245474
"269",-1.82702580370115,0.331990243513887,-3507322.94490949,1753663.47245474
"270",-1.82702580370115,0.331990243513887,-3507322.94490949,1753663.47245474
"271",-1.82702580370115,0.331990243513887,-3507322.94490949,1753663.47245474
"272",-1.82702580370115,0.331990243513887,-3507322.94490949,1753663.47245474
"273",-1.82702580370115,0.331990243513887,-3507322.94490949,1753663.47245474
"274",-1.82702580370115,0.331990243513887,-3507322.94490949,1753663.47245474
"275",-1.82702580370115,0.331990243513887,-3507322.94490949,1753663.47245474
"276",-1.82702580370115,0.331990243513887,-3507322.94490949,1753663.47245474
"277",-1.82702580370115,0.331990243513887,-3507322.94490949,1753663.47245474
"278",-1.82702580370115,0.331990243513887,-3507322.94490949,1753663.47245474
"279",-1.82702580370115,0.331990243513887,-3507322.94490949,1753663.47245474
"280",-1.82702580370115,0.331990243513887,-3507322.94490949,1753663.47245474
"281",-1.82702580370115,0.331990243513887,-3507322.94490949,1753663.47245474
"282",-1.82702580370115,0.331990243513887,-3507322.94490949,1753663.47245474
"283",-1.82702580370115,0.331990243513887,-3507322.94490949,1753663.47245474
"284",-1.82702580370115,0.331990243513887,-3507322.94490949,1753663.47245474
"285",-1.82702580370115,0.331990243513887,-3507322.94490949,1753663.47245474
"286",-1.82702580370115,0.331990243513887,-3507322.94490949,1753663.47245474
"287",-1.82702580370115,0.331990243513887,-3507322.94490949,1753663.47245474
"288",-1.82702580370115,0.331990243513887,-3507322.94490949,1753663.47245474
"289",-1.82702580370115,0.331990243513887,-3507322.94490949,1753663.47245474
"290",-1.82702580370115,0.331990243513887,-3507322.94490949,1753663.47245474
"291",-1.82702580370115,0.331990243513887,-3507322.94490949,1753663.47245474
"292",-1.82702580370115,0.331990243513887,-3507322.94490949,1753663.47245474
"293",-1.82702580370115,0.331990243513887,-3507322.94490949,1753663.47245474
"294",-1.82702580370115,0.331990243513887,-3507322.94490949,1753663.47245474
"295",-1.82702580370115,0.331990243513887,-3507322.94490949,1753663.47245474
"296",-1.82702580370115,0.331990243513887,-3507322.94490949,1753663.47245474
"297",-1.82702580370115,0.331990243513887,-3507322.94490949,1753663.47245474
"298",-1.82702580370115,0.331990243513887,-3507322.94490949,1753663.47245474
"299",-1.82702580370115,0.331990243513887,-3507322.94490949,1753663.47245474
"300",-1.82702580370115,0.331990243513887,-3507322.94490949,1753663.47245474
"301",-1.82702580370115,0.331990243513887,-3507322.94490949,1753663.47245474
"302",-1.82702580370115,0.331990243513887,-3507322.94490949,1753663.47245474
"303",-1.82702580370115,0.331990243513887,-3507322.94490949,1753663.47245474
"304",-1.82702580370115,0.331990243513887,-3507322.94490949,1753663.47245474
"305",-1.82702580370115,0.331990243513887,-3507322.94490949,1753663.47245474
"306",-1.82702580370115,0.331990243513887,-3507322.94490949,1753663.47245474
"307",-1.82702580370115,0.331990243513887,-3507322.94490949,1753663.47245474
"308",-1.82702580370115,0.331990243513887,-3507322.94490949,1753663.47245474
"309",-1.82702580370115,0.331990243513887,-3507322.94490949,1753663.47245474
"310",-1.82702580370115,0.331990243513887,-3507322.94490949,1753663.47245474
"311",-1.82702580370115,0.331990243513887,-3507322.94490949,1753663.47245474
"312",-1.82702580370115,0.331990243513887,-3507322.94490949,1753663.47245474
"313",-1.82702580370115,0.331990243513887,-3507322.94490949,1753663.47245474
"314",-1.82702580370115,0.331990243513887,-3507322.94490949,1753663.47245474
"315",-1.82702580370115,0.331990243513887,-3507322.94490949,1753663.47245474
"316",-1.82702580370115,0.331990243513887,-3507322.94490949,1753663.47245474
"317",-1.82702580370115,0.331990243513887,-3507322.94490949,1753663.47245474
"318",-1.82702580370115,0.331990243513887,-3507322.94490949,1753663.47245474
"319",-1.82702580370115,0.331990243513887,-3507322.94490949,1753663.47245474
"320",-1.82702580370115,0.331990243513887,-3507322.94490949,1753663.47245474
"321",-1.82702580370115,0.331990243513887,-3507322.94490949,1753663.47245474
"322",-1.82702580370115,0.331990243513887,-3507322.94490949,1753663.47245474
"323",-1.82702580370115,0.331990243513887,-3507322.94490949,1753663.47245474
"324",-1.82702580370115,0.331990243513887,-3507322.94490949,1753663.47245474
"325",-1.82702580370115,0.331990243513887,-3507322.94490949,1753663.47245474
"326",-1.82702580370115,0.331990243513887,-3507322.94490949,1753663.47245474
"327",-1.82702580370115,0.331990243513887,-3507322.94490949,1753663.47245474
"328",-1.82702580370115,0.331990243513887,-3507322.94490949,1753663.47245474
"329",-1.82702580370115,0.331990243513887,-3507322.94490949,1753663.47245474
"330",-1.82702580370115,0.331990243513887,-3507322.94490949,1753663.47245474
"331",-1.82702580370115,0.331990243513887,-3507322.94490949,1753663.47245474
"332",-1.82702580370115,0.331990243513887,-3507322.94490949,1753663.47245474
"333",-1.82702580370115,0.331990243513887,-3507322.94490949,1753663.47245474
"334",-1.82702580370115,0.331990243513887,-3507322.94490949,1753663.47245474
"335",-1.82702580370115,0.331990243513887,-3507322.94490949,1753663.47245474
"336",-1.82702580370115,0.331990243513887,-3507322.94490949,1753663.47245474
"337",-1.82702580370115,0.331990243513887,-3507322.94490949,1753663.47245474
"338",-1.82702580370115,0.331990243513887,-3507322.94490949,1753663.47245474
"339",-1.82702580370115,0.331990243513887,-3507322.94490949,1753663.47245474
"340",-1.82702580370115,0.331990243513887,-3507322.94490949,1753663.47245474
"341",-1.82702580370115,0.331990243513887,-3507322.94490949,1753663.47245474
"342",-1.82702580370115,0.331990243513887,-3507322.94490949,1753663.47245474
"343",-1.82702580370115,0.331990243513887,-3507322.94490949,1753663.47245474
"344",-1.82702580370115,0.331990243513887,-3507322.94490949,1753663.47245474
"345",-1.82702580370115,0.331990243513887,-3507322.94490949,1753663.47245474
"346",-1.82702580370115,0.331990243513887,-3507322.94490949,1753663.47245474
"347",-1.82702580370115,0.331990243513887,-3507322.94490949,1753663.47245474
"348",-1.82702580370115,0.331990243513887,-3507322.94490949,1753663.47245474
"349",-1.82702580370115,0.331990243513887,-3507322.94490949,1753663.47245474
"350",-1.82702580370115,0.331990243513887,-3507322.94490949,1753663.47245474
"351",-1.82702580370115,0.331990243513887,-3507322.94490949,1753663.47245474
"352",-1.82702580370115,0.331990243513887,-3507322.94490949,1753663.47245474
"353",-1.82702580370115,0.331990243513887,-3507322.94490949,1753663.47245474
"354",-1.82702580370115,0.331990243513887,-3507322.94490949,1753663.47245474
"355",-1.82702580370115,0.331990243513887,-3507322.94490949,1753663.47245474
"356",-1.82702580370115,0.331990243513887,-3507322.94490949,1753663.47245474
"357",-1.82702580370115,0.331990243513887,-3507322.94490949,1753663.47245474
"358",-1.82702580370115,0.331990243513887,-3507322.94490949,1753663.47245474
"359",-1.82702580370115,0.331990243513887,-3507322.94490949,1753663.47245474
"360",-1.82702580370115,0.331990243513887,-3507322.94490949,1753663.47245474
"361",-1.82702580370115,0.331990243513887,-3507322.94490949,1753663.47245474
"362",-1.82702580370115,0.331990243513887,-3507322.94490949,1753663.47245474
"363",-1.82702580370115,0.331990243513887,-3507322.94490949,1753663.47245474
"364",-1.82702580370115,0.331990243513887,-3507322.94490949,1753663.47245474
"365",-1.82702580370115,0.331990243513887,-3507322.94490949,1753663.47245474
"366",-1.82702580370115,0.331990243513887,-3507322.94490949,1753663.47245474
"367",-1.82702580370115,0.331990243513887,-3507322.94490949,1753663.47245474
"368",-1.82702580370115,0.331990243513887,-3507322.94490949,1753663.47245474
"369",-1.82702580370115,0.331990243513887,-3507322.94490949,1753663.47245474
"370",-1.82702580370115,0.331990243513887,-3507322.94490949,1753663.47245474
"371",-1.82702580370115,0.331990243513887,-3507322.94490949,1753663.47245474
"372",-1.82702580370115,0.331990243513887,-3507322.94490949,1753663.47245474
"373",-1.82702580370115,0.331990243513887,-3507322.94490949,1753663.47245474
"374",-1.82702580370115,0.331990243513887,-3507322.94490949,1753663.47245474
"375",-1.82702580370115,0.331990243513887,-3507322.94490949,1753663.47245474
"376",-1.82702580370115,0.331990243513887,-3507322.94490949,1753663.47245474
"377",-1.82702580370115,0.331990243513887,-3507322.94490949,1753663.47245474
"378",-1.82702580370115,0.331990243513887,-3507322.94490949,1753663.47245474
"379",-1.82702580370115,0.331990243513887,-3507322.94490949,1753663.47245474
"380",-1.82702580370115,0.331990243513887,-3507322.94490949,1753663.47245474
"381",-1.82702580370115,0.331990243513887,-3507322.94490949,1753663.47245474
"382",-1.82702580370115,0.331990243513887,-3507322.94490949,1753663.47245474
"383",-1.82702580370115,0.331990243513887,-3507322.94490949,1753663.47245474
"384",-1.82702580370115,0.331990243513887,-3507322.94490949,1753663.47245474
"385",-1.82702580370115,0.331990243513887,-3507322.94490949,1753663.47245474
"386",-1.82702580370115,0.331990243513887,-3507322.94490949,1753663.47245474
"387",-1.82702580370115,0.331990243513887,-3507322.94490949,1753663.47245474
"388",-1.82702580370115,0.331990243513887,-3507322.94490949,1753663.47245474
"389",-1.82702580370115,0.331990243513887,-3507322.94490949,1753663.47245474
"390",-1.82702580370115,0.331990243513887,-3507322.94490949,1753663.47245474
"391",-1.82702580370115,0.331990243513887,-3507322.94490949,1753663.47245474
"392",-1.82702580370115,0.331990243513887,-3507322.94490949,1753663.47245474
"393",-1.82702580370115,0.331990243513887,-3507322.94490949,1753663.47245474
"394",-1.82702580370115,0.331990243513887,-3507322.94490949,1753663.47245474
"395",-1.82702580370115,0.331990243513887,-3507322.94490949,1753663.47245474
"396",-1.82702580370115,0.331990243513887,-3507322.94490949,1753663.47245474
"397",-1.82702580370115,0.331990243513887,-3507322.94490949,1753663.47245474
"398",-1.82702580370115,0.331990243513887,-3507322.94490949,1753663.47245474
"399",-1.82702580370115,0.331990243513887,-3507322.94490949,1753663.47245474
"400",-1.82702580370115,0.331990243513887,-3507322.94490949,1753663.47245474
"401",-1.82702580370115,0.331990243513887,-3507322.94490949,1753663.47245474
"402",-1.82702580370115,0.331990243513887,-3507322.94490949,1753663.47245474
"403",-1.82702580370115,0.331990243513887,-3507322.94490949,1753663.47245474
"404",-1.82702580370115,0.331990243513887,-3507322.94490949,1753663.47245474
"405",-1.82702580370115,0.331990243513887,-3507322.94490949,1753663.47245474
"406",-1.82702580370115,0.331990243513887,-3507322.94490949,1753663.47245474
"407",-1.82702580370115,0.331990243513887,-3507322.94490949,1753663.47245474
"408",-1.82702580370115,0.331990243513887,-3507322.94490949,1753663.47245474
"409",-1.82702580370115,0.331990243513887,-3507322.94490949,1753663.47245474
"410",-1.82702580370115,0.331990243513887,-3507322.94490949,1753663.47245474
"411",-1.82702580370115,0.331990243513887,-3507322.94490949,1753663.47245474
"412",-1.82702580370115,0.331990243513887,-3507322.94490949,1753663.47245474
"413",-1.82702580370115,0.331990243513887,-3507322.94490949,1753663.47245474
"414",-1.82702580370115,0.331990243513887,-3507322.94490949,1753663.47245474
"415",-1.82702580370115,0.331990243513887,-3507322.94490949,1753663.47245474
"416",-1.82702580370115,0.331990243513887,-3507322.94490949,1753663.47245474
"417",-1.82702580370115,0.331990243513887,-3507322.94490949,1753663.47245474
"418",-1.82702580370115,0.331990243513887,-3507322.94490949,1753663.47245474
"419",-1.82702580370115,0.331990243513887,-3507322.94490949,1753663.47245474
"420",-1.82702580370115,0.331990243513887,-3507322.94490949,1753663.47245474
"421",-1.82702580370115,0.331990243513887,-3507322.94490949,1753663.47245474
"422",-1.82702580370115,0.331990243513887,-3507322.94490949,1753663.47245474
"423",-1.82702580370115,0.331990243513887,-3507322.94490949,1753663.47245474
"424",-1.82702580370115,0.331990243513887,-3507322.94490949,1753663.47245474
"425",-1.82702580370115,0.331990243513887,-3507322.94490949,1753663.47245474
"426",-1.82702580370115,0.331990243513887,-3507322.94490949,1753663.47245474
"427",-1.82702580370115,0.331990243513887,-3507322.94490949,1753663.47245474
"428",-1.82702580370115,0.331990243513887,-3507322.94490949,1753663.47245474
"429",-1.82702580370115,0.331990243513887,-3507322.94490949,1753663.47245474
"430",-1.82702580370115,0.331990243513887,-3507322.94490949,1753663.47245474
"431",-1.82702580370115,0.331990243513887,-3507322.94490949,1753663.47245474
"432",-1.82702580370115,0.331990243513887,-3507322.94490949,1753663.47245474
"433",-1.82702580370115,0.331990243513887,-3507322.94490949,1753663.47245474
"434",-1.82702580370115,0.331990243513887,-3507322.94490949,1753663.47245474
"435",-1.82702580370115,0.331990243513887,-3507322.94490949,1753663.47245474
"436",-1.82702580370115,0.331990243513887,-3507322.94490949,1753663.47245474
"437",-1.82702580370115,0.331990243513887,-3507322.94490949,1753663.47245474
"438",-1.82702580370115,0.331990243513887,-3507322.94490949,1753663.47245474
"439",-1.82702580370115,0.331990243513887,-3507322.94490949,1753663.47245474
"440",-1.82702580370115,0.331990243513887,-3507322.94490949,1753663.47245474
"441",-1.82702580370115,0.331990243513887,-3507322.94490949,1753663.47245474
"442",-1.82702580370115,0.331990243513887,-3507322.94490949,1753663.47245474
"443",-1.82702580370115,0.331990243513887,-3507322.94490949,1753663.47245474
"444",-1.82702580370115,0.331990243513887,-3507322.94490949,1753663.47245474
"445",-1.82702580370115,0.331990243513887,-3507322.94490949,1753663.47245474
"446",-1.82702580370115,0.331990243513887,-3507322.94490949,1753663.47245474
"447",-1.82702580370115,0.331990243513887,-3507322.94490949,1753663.47245474
"448",-1.82702580370115,0.331990243513887,-3507322.94490949,1753663.47245474
"449",-1.82702580370115,0.331990243513887,-3507322.94490949,1753663.47245474
"450",-1.82702580370115,0.331990243513887,-3507322.94490949,1753663.47245474
"451",-1.82702580370115,0.331990243513887,-3507322.94490949,1753663.47245474
"452",-1.82702580370115,0.331990243513887,-3507322.94490949,1753663.47245474
"453",-1.82702580370115,0.331990243513887,-3507322.94490949,1753663.47245474
"454",-1.82702580370115,0.331990243513887,-3507322.94490949,1753663.47245474
"455",-1.82702580370115,0.331990243513887,-3507322.94490949,1753663.47245474
"456",-1.82702580370115,0.331990243513887,-3507322.94490949,1753663.47245474
"457",-1.82702580370115,0.331990243513887,-3507322.94490949,1753663.47245474
"458",-1.82702580370115,0.331990243513887,-3507322.94490949,1753663.47245474
"459",-1.82702580370115,0.331990243513887,-3507322.94490949,1753663.47245474
"460",-1.82702580370115,0.331990243513887,-3507322.94490949,1753663.47245474
"461",-1.82702580370115,0.331990243513887,-3507322.94490949,1753663.47245474
"462",-1.82702580370115,0.331990243513887,-3507322.94490949,1753663.47245474
"463",-1.82702580370115,0.331990243513887,-3507322.94490949,1753663.47245474
"464",-1.82702580370115,0.331990243513887,-3507322.94490949,1753663.47245474
"465",-1.82702580370115,0.331990243513887,-3507322.94490949,1753663.47245474
"466",-1.82702580370115,0.331990243513887,-3507322.94490949,1753663.47245474
"467",-1.82702580370115,0.331990243513887,-3507322.94490949,1753663.47245474
"468",-1.82702580370115,0.331990243513887,-3507322.94490949,1753663.47245474
"469",-1.82702580370115,0.331990243513887,-3507322.94490949,1753663.47245474
"470",-1.82702580370115,0.331990243513887,-3507322.94490949,1753663.47245474
"471",-1.82702580370115,0.331990243513887,-3507322.94490949,1753663.47245474
"472",-1.82702580370115,0.331990243513887,-3507322.94490949,1753663.47245474
"473",-1.82702580370115,0.331990243513887,-3507322.94490949,1753663.47245474
"474",-1.82702580370115,0.331990243513887,-3507322.94490949,1753663.47245474
"475",-1.82702580370115,0.331990243513887,-3507322.94490949,1753663.47245474
"476",-1.82702580370115,0.331990243513887,-3507322.94490949,1753663.47245474
"477",-1.82702580370115,0.331990243513887,-3507322.94490949,1753663.47245474
"478",-1.82702580370115,0.331990243513887,-3507322.94490949,1753663.47245474
"479",-1.82702580370115,0.331990243513887,-3507322.94490949,1753663.47245474
"480",-1.82702580370115,0.331990243513887,-3507322.94490949,1753663.47245474
"481",-1.82702580370115,0.331990243513887,-3507322.94490949,1753663.47245474
"482",-1.82702580370115,0.331990243513887,-3507322.94490949,1753663.47245474
"483",-1.82702580370115,0.331990243513887,-3507322.94490949,1753663.47245474
"484",-1.82702580370115,0.331990243513887,-3507322.94490949,1753663.47245474
"485",-1.82702580370115,0.331990243513887,-3507322.94490949,1753663.47245474
"486",-1.82702580370115,0.331990243513887,-3507322.94490949,1753663.47245474
"487",-1.82702580370115,0.331990243513887,-3507322.94490949,1753663.47245474
"488",-1.82702580370115,0.331990243513887,-3507322.94490949,1753663.47245474
"489",-1.82702580370115,0.331990243513887,-3507322.94490949,1753663.47245474
"490",-1.82702580370115,0.331990243513887,-3507322.94490949,1753663.47245474
"491",-1.82702580370115,0.331990243513887,-3507322.94490949,1753663.47245474
"492",-1.82702580370115,0.331990243513887,-3507322.94490949,1753663.47245474
"493",-1.82702580370115,0.331990243513887,-3507322.94490949,1753663.47245474
"494",-1.82702580370115,0.331990243513887,-3507322.94490949,1753663.47245474
"495",-1.82702580370115,0.331990243513887,-3507322.94490949,1753663.47245474
"496",-1.82702580370115,0.331990243513887,-3507322.94490949,1753663.47245474
"497",-1.82702580370115,0.331990243513887,-3507322.94490949,1753663.47245474
"498",-1.82702580370115,0.331990243513887,-3507322.94490949,1753663.47245474
"499",-1.82702580370115,0.331990243513887,-3507322.94490949,1753663.47245474
"500",-1.82702580370115,0.331990243513887,-3507322.94490949,1753663.47245474
"501",-1.82702580370115,0.331990243513887,-3507322.94490949,1753663.47245474
"502",-1.82702580370115,0.331990243513887,-3507322.94490949,1753663.47245474
"503",-1.82702580370115,0.331990243513887,-3507322.94490949,1753663.47245474
"504",-1.82702580370115,0.331990243513887,-3507322.94490949,1753663.47245474
"505",-1.82702580370115,0.331990243513887,-3507322.94490949,1753663.47245474
"506",-1.82702580370115,0.331990243513887,-3507322.94490949,1753663.47245474
"507",-1.82702580370115,0.331990243513887,-3507322.94490949,1753663.47245474
"508",-1.82702580370115,0.331990243513887,-3507322.94490949,1753663.47245474
"509",-1.82702580370115,0.331990243513887,-3507322.94490949,1753663.47245474
"510",-1.82702580370115,0.331990243513887,-3507322.94490949,1753663.47245474
"511",-1.82702580370115,0.331990243513887,-3507322.94490949,1753663.47245474
"512",-1.82702580370115,0.331990243513887,-3507322.94490949,1753663.47245474
"513",-1.82702580370115,0.331990243513887,-3507322.94490949,1753663.47245474
"514",-1.82702580370115,0.331990243513887,-3507322.94490949,1753663.47245474
"515",-1.82702580370115,0.331990243513887,-3507322.94490949,1753663.47245474
"516",-1.82702580370115,0.331990243513887,-3507322.94490949,1753663.47245474
"517",-1.82702580370115,0.331990243513887,-3507322.94490949,1753663.47245474
"518",-1.82702580370115,0.331990243513887,-3507322.94490949,1753663.47245474
"519",-1.82702580370115,0.331990243513887,-3507322.94490949,1753663.47245474
"520",-1.82702580370115,0.331990243513887,-3507322.94490949,1753663.47245474
"521",-1.82702580370115,0.331990243513887,-3507322.94490949,1753663.47245474
"522",-1.82702580370115,0.331990243513887,-3507322.94490949,1753663.47245474
"523",-1.82702580370115,0.331990243513887,-3507322.94490949,1753663.47245474
"524",-1.82702580370115,0.331990243513887,-3507322.94490949,1753663.47245474
"525",-1.82702580370115,0.331990243513887,-3507322.94490949,1753663.47245474
"526",-1.82702580370115,0.331990243513887,-3507322.94490949,1753663.47245474
"527",-1.82702580370115,0.331990243513887,-3507322.94490949,1753663.47245474
"528",-1.82702580370115,0.331990243513887,-3507322.94490949,1753663.47245474
"529",-1.82702580370115,0.331990243513887,-3507322.94490949,1753663.47245474
"530",-1.82702580370115,0.331990243513887,-3507322.94490949,1753663.47245474
"531",-1.82702580370115,0.331990243513887,-3507322.94490949,1753663.47245474
"532",-1.82702580370115,0.331990243513887,-3507322.94490949,1753663.47245474
"533",-1.82702580370115,0.331990243513887,-3507322.94490949,1753663.47245474
"534",-1.82702580370115,0.331990243513887,-3507322.94490949,1753663.47245474
"535",-1.82702580370115,0.331990243513887,-3507322.94490949,1753663.47245474
"536",-1.82702580370115,0.331990243513887,-3507322.94490949,1753663.47245474
"537",-1.82702580370115,0.331990243513887,-3507322.94490949,1753663.47245474
"538",-1.82702580370115,0.331990243513887,-3507322.94490949,1753663.47245474
"539",-1.82702580370115,0.331990243513887,-3507322.94490949,1753663.47245474
"540",-1.82702580370115,0.331990243513887,-3507322.94490949,1753663.47245474
"541",-1.82702580370115,0.331990243513887,-3507322.94490949,1753663.47245474
"542",-1.82702580370115,0.331990243513887,-3507322.94490949,1753663.47245474
"543",-1.82702580370115,0.331990243513887,-3507322.94490949,1753663.47245474
"544",-1.82702580370115,0.331990243513887,-3507322.94490949,1753663.47245474
"545",-1.82702580370115,0.331990243513887,-3507322.94490949,1753663.47245474
"546",-1.82702580370115,0.331990243513887,-3507322.94490949,1753663.47245474
"547",-1.82702580370115,0.331990243513887,-3507322.94490949,1753663.47245474
"548",-1.82702580370115,0.331990243513887,-3507322.94490949,1753663.47245474
"549",-1.82702580370115,0.331990243513887,-3507322.94490949,1753663.47245474
"550",-1.82702580370115,0.331990243513887,-3507322.94490949,1753663.47245474
"551",-1.82702580370115,0.331990243513887,-3507322.94490949,1753663.47245474
"552",-1.82702580370115,0.331990243513887,-3507322.94490949,1753663.47245474
"553",-1.82702580370115,0.331990243513887,-3507322.94490949,1753663.47245474
"554",-1.82702580370115,0.331990243513887,-3507322.94490949,1753663.47245474
"555",-1.82702580370115,0.331990243513887,-3507322.94490949,1753663.47245474
"556",-1.82702580370115,0.331990243513887,-3507322.94490949,1753663.47245474
"557",-1.82702580370115,0.331990243513887,-3507322.94490949,1753663.47245474
"558",-1.82702580370115,0.331990243513887,-3507322.94490949,1753663.47245474
"559",-1.82702580370115,0.331990243513887,-3507322.94490949,1753663.47245474
"560",-1.82702580370115,0.331990243513887,-3507322.94490949,1753663.47245474
"561",-1.82702580370115,0.331990243513887,-3507322.94490949,1753663.47245474
"562",-1.82702580370115,0.331990243513887,-3507322.94490949,1753663.47245474
"563",-1.82702580370115,0.331990243513887,-3507322.94490949,1753663.47245474
"564",-1.82702580370115,0.331990243513887,-3507322.94490949,1753663.47245474
"565",-1.82702580370115,0.331990243513887,-3507322.94490949,1753663.47245474
"566",-1.82702580370115,0.331990243513887,-3507322.94490949,1753663.47245474
"567",-1.82702580370115,0.331990243513887,-3507322.94490949,1753663.47245474
"568",-1.82702580370115,0.331990243513887,-3507322.94490949,1753663.47245474
"569",-1.82702580370115,0.331990243513887,-3507322.94490949,1753663.47245474
"570",-1.82702580370115,0.331990243513887,-3507322.94490949,1753663.47245474
"571",-1.82702580370115,0.331990243513887,-3507322.94490949,1753663.47245474
"572",-1.82702580370115,0.331990243513887,-3507322.94490949,1753663.47245474
"573",-1.82702580370115,0.331990243513887,-3507322.94490949,1753663.47245474
"574",-1.82702580370115,0.331990243513887,-3507322.94490949,1753663.47245474
"575",-1.82702580370115,0.331990243513887,-3507322.94490949,1753663.47245474
"576",-1.82702580370115,0.331990243513887,-3507322.94490949,1753663.47245474
"577",-1.82702580370115,0.331990243513887,-3507322.94490949,1753663.47245474
"578",-1.82702580370115,0.331990243513887,-3507322.94490949,1753663.47245474
"579",-1.82702580370115,0.331990243513887,-3507322.94490949,1753663.47245474
"580",-1.82702580370115,0.331990243513887,-3507322.94490949,1753663.47245474
"581",-1.82702580370115,0.331990243513887,-3507322.94490949,1753663.47245474
"582",-1.82702580370115,0.331990243513887,-3507322.94490949,1753663.47245474
"583",-1.82702580370115,0.331990243513887,-3507322.94490949,1753663.47245474
"584",-1.82702580370115,0.331990243513887,-3507322.94490949,1753663.47245474
"585",-1.82702580370115,0.331990243513887,-3507322.94490949,1753663.47245474
"586",-1.82702580370115,0.331990243513887,-3507322.94490949,1753663.47245474
"587",-1.82702580370115,0.331990243513887,-3507322.94490949,1753663.47245474
"588",-1.82702580370115,0.331990243513887,-3507322.94490949,1753663.47245474
"589",-1.82702580370115,0.331990243513887,-3507322.94490949,1753663.47245474
"590",-1.82702580370115,0.331990243513887,-3507322.94490949,1753663.47245474
"591",-1.82702580370115,0.331990243513887,-3507322.94490949,1753663.47245474
"592",-1.82702580370115,0.331990243513887,-3507322.94490949,1753663.47245474
"593",-1.82702580370115,0.331990243513887,-3507322.94490949,1753663.47245474
"594",-1.82702580370115,0.331990243513887,-3507322.94490949,1753663.47245474
"595",-1.82702580370115,0.331990243513887,-3507322.94490949,1753663.47245474
"596",-1.82702580370115,0.331990243513887,-3507322.94490949,1753663.47245474
"597",-1.82702580370115,0.331990243513887,-3507322.94490949,1753663.47245474
"598",-1.82702580370115,0.331990243513887,-3507322.94490949,1753663.47245474
"599",-1.82702580370115,0.331990243513887,-3507322.94490949,1753663.47245474
"600",-1.82702580370115,0.331990243513887,-3507322.94490949,1753663.47245474
"601",-1.82702580370115,0.331990243513887,-3507322.94490949,1753663.47245474
"602",-1.82702580370115,0.331990243513887,-3507322.94490949,1753663.47245474
"603",-1.82702580370115,0.331990243513887,-3507322.94490949,1753663.47245474
"604",-1.82702580370115,0.331990243513887,-3507322.94490949,1753663.47245474
"605",-1.82702580370115,0.331990243513887,-3507322.94490949,1753663.47245474
"606",-1.82702580370115,0.331990243513887,-3507322.94490949,1753663.47245474
"607",-1.82702580370115,0.331990243513887,-3507322.94490949,1753663.47245474
"608",-1.82702580370115,0.331990243513887,-3507322.94490949,1753663.47245474
"609",-1.82702580370115,0.331990243513887,-3507322.94490949,1753663.47245474
"610",-1.82702580370115,0.331990243513887,-3507322.94490949,1753663.47245474
"611",-1.82702580370115,0.331990243513887,-3507322.94490949,1753663.47245474
"612",-1.82702580370115,0.331990243513887,-3507322.94490949,1753663.47245474
"613",-1.82702580370115,0.331990243513887,-3507322.94490949,1753663.47245474
"614",-1.82702580370115,0.331990243513887,-3507322.94490949,1753663.47245474
"615",-1.82702580370115,0.331990243513887,-3507322.94490949,1753663.47245474
"616",-1.82702580370115,0.331990243513887,-3507322.94490949,1753663.47245474
"617",-1.82702580370115,0.331990243513887,-3507322.94490949,1753663.47245474
"618",-1.82702580370115,0.331990243513887,-3507322.94490949,1753663.47245474
"619",-1.82702580370115,0.331990243513887,-3507322.94490949,1753663.47245474
"620",-1.82702580370115,0.331990243513887,-3507322.94490949,1753663.47245474
"621",-1.82702580370115,0.331990243513887,-3507322.94490949,1753663.47245474
"622",-1.82702580370115,0.331990243513887,-3507322.94490949,1753663.47245474
"623",-1.82702580370115,0.331990243513887,-3507322.94490949,1753663.47245474
"624",-1.82702580370115,0.331990243513887,-3507322.94490949,1753663.47245474
"625",-1.82702580370115,0.331990243513887,-3507322.94490949,1753663.47245474
"626",-1.82702580370115,0.331990243513887,-3507322.94490949,1753663.47245474
"627",-1.82702580370115,0.331990243513887,-3507322.94490949,1753663.47245474
"628",-1.82702580370115,0.331990243513887,-3507322.94490949,1753663.47245474
"629",-1.82702580370115,0.331990243513887,-3507322.94490949,1753663.47245474
"630",-1.82702580370115,0.331990243513887,-3507322.94490949,1753663.47245474
"631",-1.82702580370115,0.331990243513887,-3507322.94490949,1753663.47245474
"632",-1.82702580370115,0.331990243513887,-3507322.94490949,1753663.47245474
"633",-1.82702580370115,0.331990243513887,-3507322.94490949,1753663.47245474
"634",-1.82702580370115,0.331990243513887,-3507322.94490949,1753663.47245474
"635",-1.82702580370115,0.331990243513887,-3507322.94490949,1753663.47245474
"636",-1.82702580370115,0.331990243513887,-3507322.94490949,1753663.47245474
"637",-1.82702580370115,0.331990243513887,-3507322.94490949,1753663.47245474
"638",-1.82702580370115,0.331990243513887,-3507322.94490949,1753663.47245474
"639",-1.82702580370115,0.331990243513887,-3507322.94490949,1753663.47245474
"640",-1.82702580370115,0.331990243513887,-3507322.94490949,1753663.47245474
"641",-1.82702580370115,0.331990243513887,-3507322.94490949,1753663.47245474
"642",-1.82702580370115,0.331990243513887,-3507322.94490949,1753663.47245474
"643",-1.82702580370115,0.331990243513887,-3507322.94490949,1753663.47245474
"644",-1.82702580370115,0.331990243513887,-3507322.94490949,1753663.47245474
"645",-1.82702580370115,0.331990243513887,-3507322.94490949,1753663.47245474
"646",-1.82702580370115,0.331990243513887,-3507322.94490949,1753663.47245474
"647",-1.82702580370115,0.331990243513887,-3507322.94490949,1753663.47245474
"648",-1.82702580370115,0.331990243513887,-3507322.94490949,1753663.47245474
"649",-1.82702580370115,0.331990243513887,-3507322.94490949,1753663.47245474
"650",-1.82702580370115,0.331990243513887,-3507322.94490949,1753663.47245474
"651",-1.82702580370115,0.331990243513887,-3507322.94490949,1753663.47245474
"652",-1.82702580370115,0.331990243513887,-3507322.94490949,1753663.47245474
"653",-1.82702580370115,0.331990243513887,-3507322.94490949,1753663.47245474
"654",-1.82702580370115,0.331990243513887,-3507322.94490949,1753663.47245474
"655",-1.82702580370115,0.331990243513887,-3507322.94490949,1753663.47245474
"656",-1.82702580370115,0.331990243513887,-3507322.94490949,1753663.47245474
"657",-1.82702580370115,0.331990243513887,-3507322.94490949,1753663.47245474
"658",-1.82702580370115,0.331990243513887,-3507322.94490949,1753663.47245474
"659",-1.82702580370115,0.331990243513887,-3507322.94490949,1753663.47245474
"660",-1.82702580370115,0.331990243513887,-3507322.94490949,1753663.47245474
"661",-1.82702580370115,0.331990243513887,-3507322.94490949,1753663.47245474
"662",-1.82702580370115,0.331990243513887,-3507322.94490949,1753663.47245474
"663",-1.82702580370115,0.331990243513887,-3507322.94490949,1753663.47245474
"664",-1.82702580370115,0.331990243513887,-3507322.94490949,1753663.47245474
"665",-1.82702580370115,0.331990243513887,-3507322.94490949,1753663.47245474
"666",-1.82702580370115,0.331990243513887,-3507322.94490949,1753663.47245474
"667",-1.82702580370115,0.331990243513887,-3507322.94490949,1753663.47245474
"668",-1.82702580370115,0.331990243513887,-3507322.94490949,1753663.47245474
"669",-1.82702580370115,0.331990243513887,-3507322.94490949,1753663.47245474
"670",-1.82702580370115,0.331990243513887,-3507322.94490949,1753663.47245474
"671",-1.82702580370115,0.331990243513887,-3507322.94490949,1753663.47245474
"672",-1.82702580370115,0.331990243513887,-3507322.94490949,1753663.47245474
"673",-1.82702580370115,0.331990243513887,-3507322.94490949,1753663.47245474
"674",-1.82702580370115,0.331990243513887,-3507322.94490949,1753663.47245474
"675",-1.82702580370115,0.331990243513887,-3507322.94490949,1753663.47245474
"676",-1.82702580370115,0.331990243513887,-3507322.94490949,1753663.47245474
"677",-1.82702580370115,0.331990243513887,-3507322.94490949,1753663.47245474
"678",-1.82702580370115,0.331990243513887,-3507322.94490949,1753663.47245474
"679",-1.82702580370115,0.331990243513887,-3507322.94490949,1753663.47245474
"680",-1.82702580370115,0.331990243513887,-3507322.94490949,1753663.47245474
"681",-1.82702580370115,0.331990243513887,-3507322.94490949,1753663.47245474
"682",-1.82702580370115,0.331990243513887,-3507322.94490949,1753663.47245474
"683",-1.82702580370115,0.331990243513887,-3507322.94490949,1753663.47245474
"684",-1.82702580370115,0.331990243513887,-3507322.94490949,1753663.47245474
"685",-1.82702580370115,0.331990243513887,-3507322.94490949,1753663.47245474
"686",-1.82702580370115,0.331990243513887,-3507322.94490949,1753663.47245474
"687",-1.82702580370115,0.331990243513887,-3507322.94490949,1753663.47245474
"688",-1.82702580370115,0.331990243513887,-3507322.94490949,1753663.47245474
"689",-1.82702580370115,0.331990243513887,-3507322.94490949,1753663.47245474
"690",-1.82702580370115,0.331990243513887,-3507322.94490949,1753663.47245474
"691",-1.82702580370115,0.331990243513887,-3507322.94490949,1753663.47245474
"692",-1.82702580370115,0.331990243513887,-3507322.94490949,1753663.47245474
"693",-1.82702580370115,0.331990243513887,-3507322.94490949,1753663.47245474
"694",-1.82702580370115,0.331990243513887,-3507322.94490949,1753663.47245474
"695",-1.82702580370115,0.331990243513887,-3507322.94490949,1753663.47245474
"696",-1.82702580370115,0.331990243513887,-3507322.94490949,1753663.47245474
"697",-1.82702580370115,0.331990243513887,-3507322.94490949,1753663.47245474
"698",-1.82702580370115,0.331990243513887,-3507322.94490949,1753663.47245474
"699",-1.82702580370115,0.331990243513887,-3507322.94490949,1753663.47245474
"700",-1.82702580370115,0.331990243513887,-3507322.94490949,1753663.47245474
"701",-1.82702580370115,0.331990243513887,-3507322.94490949,1753663.47245474
"702",-1.82702580370115,0.331990243513887,-3507322.94490949,1753663.47245474
"703",-1.82702580370115,0.331990243513887,-3507322.94490949,1753663.47245474
"704",-1.82702580370115,0.331990243513887,-3507322.94490949,1753663.47245474
"705",-1.82702580370115,0.331990243513887,-3507322.94490949,1753663.47245474
"706",-1.82702580370115,0.331990243513887,-3507322.94490949,1753663.47245474
"707",-1.82702580370115,0.331990243513887,-3507322.94490949,1753663.47245474
"708",-1.82702580370115,0.331990243513887,-3507322.94490949,1753663.47245474
"709",-1.82702580370115,0.331990243513887,-3507322.94490949,1753663.47245474
"710",-1.82702580370115,0.331990243513887,-3507322.94490949,1753663.47245474
"711",-1.82702580370115,0.331990243513887,-3507322.94490949,1753663.47245474
"712",-1.82702580370115,0.331990243513887,-3507322.94490949,1753663.47245474
"713",-1.82702580370115,0.331990243513887,-3507322.94490949,1753663.47245474
"714",-1.82702580370115,0.331990243513887,-3507322.94490949,1753663.47245474
"715",-1.82702580370115,0.331990243513887,-3507322.94490949,1753663.47245474
"716",-1.82702580370115,0.331990243513887,-3507322.94490949,1753663.47245474
"717",-1.82702580370115,0.331990243513887,-3507322.94490949,1753663.47245474
"718",-1.82702580370115,0.331990243513887,-3507322.94490949,1753663.47245474
"719",-1.82702580370115,0.331990243513887,-3507322.94490949,1753663.47245474
"720",-1.82702580370115,0.331990243513887,-3507322.94490949,1753663.47245474
"721",-1.82702580370115,0.331990243513887,-3507322.94490949,1753663.47245474
"722",-1.82702580370115,0.331990243513887,-3507322.94490949,1753663.47245474
"723",-1.82702580370115,0.331990243513887,-3507322.94490949,1753663.47245474
"724",-1.82702580370115,0.331990243513887,-3507322.94490949,1753663.47245474
"725",-1.82702580370115,0.331990243513887,-3507322.94490949,1753663.47245474
"726",-1.82702580370115,0.331990243513887,-3507322.94490949,1753663.47245474
"727",-1.82702580370115,0.331990243513887,-3507322.94490949,1753663.47245474
"728",-1.82702580370115,0.331990243513887,-3507322.94490949,1753663.47245474
"729",-1.82702580370115,0.331990243513887,-3507322.94490949,1753663.47245474
"730",-1.82702580370115,0.331990243513887,-3507322.94490949,1753663.47245474
"731",-1.82702580370115,0.331990243513887,-3507322.94490949,1753663.47245474
"732",-1.82702580370115,0.331990243513887,-3507322.94490949,1753663.47245474
"733",-1.82702580370115,0.331990243513887,-3507322.94490949,1753663.47245474
"734",-1.82702580370115,0.331990243513887,-3507322.94490949,1753663.47245474
"735",-1.82702580370115,0.331990243513887,-3507322.94490949,1753663.47245474
"736",-1.82702580370115,0.331990243513887,-3507322.94490949,1753663.47245474
"737",-1.82702580370115,0.331990243513887,-3507322.94490949,1753663.47245474
"738",-1.82702580370115,0.331990243513887,-3507322.94490949,1753663.47245474
"739",-1.82702580370115,0.331990243513887,-3507322.94490949,1753663.47245474
"740",-1.82702580370115,0.331990243513887,-3507322.94490949,1753663.47245474
"741",-1.82702580370115,0.331990243513887,-3507322.94490949,1753663.47245474
"742",-1.82702580370115,0.331990243513887,-3507322.94490949,1753663.47245474
"743",-1.82702580370115,0.331990243513887,-3507322.94490949,1753663.47245474
"744",-1.82702580370115,0.331990243513887,-3507322.94490949,1753663.47245474
"745",-1.82702580370115,0.331990243513887,-3507322.94490949,1753663.47245474
"746",-1.82702580370115,0.331990243513887,-3507322.94490949,1753663.47245474
"747",-1.82702580370115,0.331990243513887,-3507322.94490949,1753663.47245474
"748",-1.82702580370115,0.331990243513887,-3507322.94490949,1753663.47245474
"749",-1.82702580370115,0.331990243513887,-3507322.94490949,1753663.47245474
"750",-1.82702580370115,0.331990243513887,-3507322.94490949,1753663.47245474
"751",-1.82702580370115,0.331990243513887,-3507322.94490949,1753663.47245474
"752",-1.82702580370115,0.331990243513887,-3507322.94490949,1753663.47245474
"753",-1.82702580370115,0.331990243513887,-3507322.94490949,1753663.47245474
"754",-1.82702580370115,0.331990243513887,-3507322.94490949,1753663.47245474
"755",-1.82702580370115,0.331990243513887,-3507322.94490949,1753663.47245474
"756",-1.82702580370115,0.331990243513887,-3507322.94490949,1753663.47245474
"757",-1.82702580370115,0.331990243513887,-3507322.94490949,1753663.47245474
"758",-1.82702580370115,0.331990243513887,-3507322.94490949,1753663.47245474
"759",-1.82702580370115,0.331990243513887,-3507322.94490949,1753663.47245474
"760",-1.82702580370115,0.331990243513887,-3507322.94490949,1753663.47245474
"761",-1.82702580370115,0.331990243513887,-3507322.94490949,1753663.47245474
"762",-1.82702580370115,0.331990243513887,-3507322.94490949,1753663.47245474
"763",-1.82702580370115,0.331990243513887,-3507322.94490949,1753663.47245474
"764",-1.82702580370115,0.331990243513887,-3507322.94490949,1753663.47245474
"765",-1.82702580370115,0.331990243513887,-3507322.94490949,1753663.47245474
"766",-1.82702580370115,0.331990243513887,-3507322.94490949,1753663.47245474
"767",-1.82702580370115,0.331990243513887,-3507322.94490949,1753663.47245474
"768",-1.82702580370115,0.331990243513887,-3507322.94490949,1753663.47245474
"769",-1.82702580370115,0.331990243513887,-3507322.94490949,1753663.47245474
"770",-1.82702580370115,0.331990243513887,-3507322.94490949,1753663.47245474
"771",-1.82702580370115,0.331990243513887,-3507322.94490949,1753663.47245474
"772",-1.82702580370115,0.331990243513887,-3507322.94490949,1753663.47245474
"773",-1.82702580370115,0.331990243513887,-3507322.94490949,1753663.47245474
"774",-1.82702580370115,0.331990243513887,-3507322.94490949,1753663.47245474
"775",-1.82702580370115,0.331990243513887,-3507322.94490949,1753663.47245474
"776",-1.82702580370115,0.331990243513887,-3507322.94490949,1753663.47245474
"777",-1.82702580370115,0.331990243513887,-3507322.94490949,1753663.47245474
"778",-1.82702580370115,0.331990243513887,-3507322.94490949,1753663.47245474
"779",-1.82702580370115,0.331990243513887,-3507322.94490949,1753663.47245474
"780",-1.82702580370115,0.331990243513887,-3507322.94490949,1753663.47245474
"781",-1.82702580370115,0.331990243513887,-3507322.94490949,1753663.47245474
"782",-1.82702580370115,0.331990243513887,-3507322.94490949,1753663.47245474
"783",-1.82702580370115,0.331990243513887,-3507322.94490949,1753663.47245474
"784",-1.82702580370115,0.331990243513887,-3507322.94490949,1753663.47245474
"785",-1.82702580370115,0.331990243513887,-3507322.94490949,1753663.47245474
"786",-1.82702580370115,0.331990243513887,-3507322.94490949,1753663.47245474
"787",-1.82702580370115,0.331990243513887,-3507322.94490949,1753663.47245474
"788",-1.82702580370115,0.331990243513887,-3507322.94490949,1753663.47245474
"789",-1.82702580370115,0.331990243513887,-3507322.94490949,1753663.47245474
"790",-1.82702580370115,0.331990243513887,-3507322.94490949,1753663.47245474
"791",-1.82702580370115,0.331990243513887,-3507322.94490949,1753663.47245474
"792",-1.82702580370115,0.331990243513887,-3507322.94490949,1753663.47245474
"793",-1.82702580370115,0.331990243513887,-3507322.94490949,1753663.47245474
"794",-1.82702580370115,0.331990243513887,-3507322.94490949,1753663.47245474
"795",-1.82702580370115,0.331990243513887,-3507322.94490949,1753663.47245474
"796",-1.82702580370115,0.331990243513887,-3507322.94490949,1753663.47245474
"797",-1.82702580370115,0.331990243513887,-3507322.94490949,1753663.47245474
"798",-1.82702580370115,0.331990243513887,-3507322.94490949,1753663.47245474
"799",-1.82702580370115,0.331990243513887,-3507322.94490949,1753663.47245474
"800",-1.82702580370115,0.331990243513887,-3507322.94490949,1753663.47245474
"801",-1.82702580370115,0.331990243513887,-3507322.94490949,1753663.47245474
"802",-1.82702580370115,0.331990243513887,-3507322.94490949,1753663.47245474
"803",-1.82702580370115,0.331990243513887,-3507322.94490949,1753663.47245474
"804",-1.82702580370115,0.331990243513887,-3507322.94490949,1753663.47245474
"805",-1.82702580370115,0.331990243513887,-3507322.94490949,1753663.47245474
"806",-1.82702580370115,0.331990243513887,-3507322.94490949,1753663.47245474
"807",-1.82702580370115,0.331990243513887,-3507322.94490949,1753663.47245474
"808",-1.82702580370115,0.331990243513887,-3507322.94490949,1753663.47245474
"809",-1.82702580370115,0.331990243513887,-3507322.94490949,1753663.47245474
"810",-1.82702580370115,0.331990243513887,-3507322.94490949,1753663.47245474
"811",-1.82702580370115,0.331990243513887,-3507322.94490949,1753663.47245474
"812",-1.82702580370115,0.331990243513887,-3507322.94490949,1753663.47245474
"813",-1.82702580370115,0.331990243513887,-3507322.94490949,1753663.47245474
"814",-1.82702580370115,0.331990243513887,-3507322.94490949,1753663.47245474
"815",-1.82702580370115,0.331990243513887,-3507322.94490949,1753663.47245474
"816",-1.82702580370115,0.331990243513887,-3507322.94490949,1753663.47245474
"817",-1.82702580370115,0.331990243513887,-3507322.94490949,1753663.47245474
"818",-1.82702580370115,0.331990243513887,-3507322.94490949,1753663.47245474
"819",-1.82702580370115,0.331990243513887,-3507322.94490949,1753663.47245474
"820",-1.82702580370115,0.331990243513887,-3507322.94490949,1753663.47245474
"821",-1.82702580370115,0.331990243513887,-3507322.94490949,1753663.47245474
"822",-1.82702580370115,0.331990243513887,-3507322.94490949,1753663.47245474
"823",-1.82702580370115,0.331990243513887,-3507322.94490949,1753663.47245474
"824",-1.82702580370115,0.331990243513887,-3507322.94490949,1753663.47245474
"825",-1.82702580370115,0.331990243513887,-3507322.94490949,1753663.47245474
"826",-1.82702580370115,0.331990243513887,-3507322.94490949,1753663.47245474
"827",-1.82702580370115,0.331990243513887,-3507322.94490949,1753663.47245474
"828",-1.82702580370115,0.331990243513887,-3507322.94490949,1753663.47245474
"829",-1.82702580370115,0.331990243513887,-3507322.94490949,1753663.47245474
"830",-1.82702580370115,0.331990243513887,-3507322.94490949,1753663.47245474
"831",-1.82702580370115,0.331990243513887,-3507322.94490949,1753663.47245474
"832",-1.82702580370115,0.331990243513887,-3507322.94490949,1753663.47245474
"833",-1.82702580370115,0.331990243513887,-3507322.94490949,1753663.47245474
"834",-1.82702580370115,0.331990243513887,-3507322.94490949,1753663.47245474
"835",-1.82702580370115,0.331990243513887,-3507322.94490949,1753663.47245474
"836",-1.82702580370115,0.331990243513887,-3507322.94490949,1753663.47245474
"837",-1.82702580370115,0.331990243513887,-3507322.94490949,1753663.47245474
"838",-1.82702580370115,0.331990243513887,-3507322.94490949,1753663.47245474
"839",-1.82702580370115,0.331990243513887,-3507322.94490949,1753663.47245474
"840",-1.82702580370115,0.331990243513887,-3507322.94490949,1753663.47245474
"841",-1.82702580370115,0.331990243513887,-3507322.94490949,1753663.47245474
"842",-1.82702580370115,0.331990243513887,-3507322.94490949,1753663.47245474
"843",-1.82702580370115,0.331990243513887,-3507322.94490949,1753663.47245474
"844",-1.82702580370115,0.331990243513887,-3507322.94490949,1753663.47245474
"845",-1.82702580370115,0.331990243513887,-3507322.94490949,1753663.47245474
"846",-1.82702580370115,0.331990243513887,-3507322.94490949,1753663.47245474
"847",-1.82702580370115,0.331990243513887,-3507322.94490949,1753663.47245474
"848",-1.82702580370115,0.331990243513887,-3507322.94490949,1753663.47245474
"849",-1.82702580370115,0.331990243513887,-3507322.94490949,1753663.47245474
"850",-1.82702580370115,0.331990243513887,-3507322.94490949,1753663.47245474
"851",-1.82702580370115,0.331990243513887,-3507322.94490949,1753663.47245474
"852",-1.82702580370115,0.331990243513887,-3507322.94490949,1753663.47245474
"853",-1.82702580370115,0.331990243513887,-3507322.94490949,1753663.47245474
"854",-1.82702580370115,0.331990243513887,-3507322.94490949,1753663.47245474
"855",-1.82702580370115,0.331990243513887,-3507322.94490949,1753663.47245474
"856",-1.82702580370115,0.331990243513887,-3507322.94490949,1753663.47245474
"857",-1.82702580370115,0.331990243513887,-3507322.94490949,1753663.47245474
"858",-1.82702580370115,0.331990243513887,-3507322.94490949,1753663.47245474
"859",-1.82702580370115,0.331990243513887,-3507322.94490949,1753663.47245474
"860",-1.82702580370115,0.331990243513887,-3507322.94490949,1753663.47245474
"861",-1.82702580370115,0.331990243513887,-3507322.94490949,1753663.47245474
"862",-1.82702580370115,0.331990243513887,-3507322.94490949,1753663.47245474
"863",-1.82702580370115,0.331990243513887,-3507322.94490949,1753663.47245474
"864",-1.82702580370115,0.331990243513887,-3507322.94490949,1753663.47245474
"865",-1.82702580370115,0.331990243513887,-3507322.94490949,1753663.47245474
"866",-1.82702580370115,0.331990243513887,-3507322.94490949,1753663.47245474
"867",-1.82702580370115,0.331990243513887,-3507322.94490949,1753663.47245474
"868",-1.82702580370115,0.331990243513887,-3507322.94490949,1753663.47245474
"869",-1.82702580370115,0.331990243513887,-3507322.94490949,1753663.47245474
"870",-1.82702580370115,0.331990243513887,-3507322.94490949,1753663.47245474
"871",-1.82702580370115,0.331990243513887,-3507322.94490949,1753663.47245474
"872",-1.82702580370115,0.331990243513887,-3507322.94490949,1753663.47245474
"873",-1.82702580370115,0.331990243513887,-3507322.94490949,1753663.47245474
"874",-1.82702580370115,0.331990243513887,-3507322.94490949,1753663.47245474
"875",-1.82702580370115,0.331990243513887,-3507322.94490949,1753663.47245474
"876",-1.82702580370115,0.331990243513887,-3507322.94490949,1753663.47245474
"877",-1.82702580370115,0.331990243513887,-3507322.94490949,1753663.47245474
"878",-1.82702580370115,0.331990243513887,-3507322.94490949,1753663.47245474
"879",-1.82702580370115,0.331990243513887,-3507322.94490949,1753663.47245474
"880",-1.82702580370115,0.331990243513887,-3507322.94490949,1753663.47245474
"881",-1.82702580370115,0.331990243513887,-3507322.94490949,1753663.47245474
"882",-1.82702580370115,0.331990243513887,-3507322.94490949,1753663.47245474
"883",-1.82702580370115,0.331990243513887,-3507322.94490949,1753663.47245474
"884",-1.82702580370115,0.331990243513887,-3507322.94490949,1753663.47245474
"885",-1.82702580370115,0.331990243513887,-3507322.94490949,1753663.47245474
"886",-1.82702580370115,0.331990243513887,-3507322.94490949,1753663.47245474
"887",-1.82702580370115,0.331990243513887,-3507322.94490949,1753663.47245474
"888",-1.82702580370115,0.331990243513887,-3507322.94490949,1753663.47245474
"889",-1.82702580370115,0.331990243513887,-3507322.94490949,1753663.47245474
"890",-1.82702580370115,0.331990243513887,-3507322.94490949,1753663.47245474
"891",-1.82702580370115,0.331990243513887,-3507322.94490949,1753663.47245474
"892",-1.82702580370115,0.331990243513887,-3507322.94490949,1753663.47245474
"893",-1.82702580370115,0.331990243513887,-3507322.94490949,1753663.47245474
"894",-1.82702580370115,0.331990243513887,-3507322.94490949,1753663.47245474
"895",-1.82702580370115,0.331990243513887,-3507322.94490949,1753663.47245474
"896",-1.82702580370115,0.331990243513887,-3507322.94490949,1753663.47245474
"897",-1.82702580370115,0.331990243513887,-3507322.94490949,1753663.47245474
"898",-1.82702580370115,0.331990243513887,-3507322.94490949,1753663.47245474
"899",-1.82702580370115,0.331990243513887,-3507322.94490949,1753663.47245474
"900",-1.82702580370115,0.331990243513887,-3507322.94490949,1753663.47245474
"901",-1.82702580370115,0.331990243513887,-3507322.94490949,1753663.47245474
"902",-1.82702580370115,0.331990243513887,-3507322.94490949,1753663.47245474
"903",-1.82702580370115,0.331990243513887,-3507322.94490949,1753663.47245474
"904",-1.82702580370115,0.331990243513887,-3507322.94490949,1753663.47245474
"905",-1.82702580370115,0.331990243513887,-3507322.94490949,1753663.47245474
"906",-1.82702580370115,0.331990243513887,-3507322.94490949,1753663.47245474
"907",-1.82702580370115,0.331990243513887,-3507322.94490949,1753663.47245474
"908",-1.82702580370115,0.331990243513887,-3507322.94490949,1753663.47245474
"909",-1.82702580370115,0.331990243513887,-3507322.94490949,1753663.47245474
"910",-1.82702580370115,0.331990243513887,-3507322.94490949,1753663.47245474
"911",-1.82702580370115,0.331990243513887,-3507322.94490949,1753663.47245474
"912",-1.82702580370115,0.331990243513887,-3507322.94490949,1753663.47245474
"913",-1.82702580370115,0.331990243513887,-3507322.94490949,1753663.47245474
"914",-1.82702580370115,0.331990243513887,-3507322.94490949,1753663.47245474
"915",-1.82702580370115,0.331990243513887,-3507322.94490949,1753663.47245474
"916",-1.82702580370115,0.331990243513887,-3507322.94490949,1753663.47245474
"917",-1.82702580370115,0.331990243513887,-3507322.94490949,1753663.47245474
"918",-1.82702580370115,0.331990243513887,-3507322.94490949,1753663.47245474
"919",-1.82702580370115,0.331990243513887,-3507322.94490949,1753663.47245474
"920",-1.82702580370115,0.331990243513887,-3507322.94490949,1753663.47245474
"921",-1.82702580370115,0.331990243513887,-3507322.94490949,1753663.47245474
"922",-1.82702580370115,0.331990243513887,-3507322.94490949,1753663.47245474
"923",-1.82702580370115,0.331990243513887,-3507322.94490949,1753663.47245474
"924",-1.82702580370115,0.331990243513887,-3507322.94490949,1753663.47245474
"925",-1.82702580370115,0.331990243513887,-3507322.94490949,1753663.47245474
"926",-1.82702580370115,0.331990243513887,-3507322.94490949,1753663.47245474
"927",-1.82702580370115,0.331990243513887,-3507322.94490949,1753663.47245474
"928",-1.82702580370115,0.331990243513887,-3507322.94490949,1753663.47245474
"929",-1.82702580370115,0.331990243513887,-3507322.94490949,1753663.47245474
"930",-1.82702580370115,0.331990243513887,-3507322.94490949,1753663.47245474
"931",-1.82702580370115,0.331990243513887,-3507322.94490949,1753663.47245474
"932",-1.82702580370115,0.331990243513887,-3507322.94490949,1753663.47245474
"933",-1.82702580370115,0.331990243513887,-3507322.94490949,1753663.47245474
"934",-1.82702580370115,0.331990243513887,-3507322.94490949,1753663.47245474
"935",-1.82702580370115,0.331990243513887,-3507322.94490949,1753663.47245474
"936",-1.82702580370115,0.331990243513887,-3507322.94490949,1753663.47245474
"937",-1.82702580370115,0.331990243513887,-3507322.94490949,1753663.47245474
"938",-1.82702580370115,0.331990243513887,-3507322.94490949,1753663.47245474
"939",-1.82702580370115,0.331990243513887,-3507322.94490949,1753663.47245474
"940",-1.82702580370115,0.331990243513887,-3507322.94490949,1753663.47245474
"941",-1.82702580370115,0.331990243513887,-3507322.94490949,1753663.47245474
"942",-1.82702580370115,0.331990243513887,-3507322.94490949,1753663.47245474
"943",-1.82702580370115,0.331990243513887,-3507322.94490949,1753663.47245474
"944",-1.82702580370115,0.331990243513887,-3507322.94490949,1753663.47245474
"945",-1.82702580370115,0.331990243513887,-3507322.94490949,1753663.47245474
"946",-1.82702580370115,0.331990243513887,-3507322.94490949,1753663.47245474
"947",-1.82702580370115,0.331990243513887,-3507322.94490949,1753663.47245474
"948",-1.82702580370115,0.331990243513887,-3507322.94490949,1753663.47245474
"949",-1.82702580370115,0.331990243513887,-3507322.94490949,1753663.47245474
"950",-1.82702580370115,0.331990243513887,-3507322.94490949,1753663.47245474
"951",-1.82702580370115,0.331990243513887,-3507322.94490949,1753663.47245474
"952",-1.82702580370115,0.331990243513887,-3507322.94490949,1753663.47245474
"953",-1.82702580370115,0.331990243513887,-3507322.94490949,1753663.47245474
"954",-1.82702580370115,0.331990243513887,-3507322.94490949,1753663.47245474
"955",-1.82702580370115,0.331990243513887,-3507322.94490949,1753663.47245474
"956",-1.82702580370115,0.331990243513887,-3507322.94490949,1753663.47245474
"957",-1.82702580370115,0.331990243513887,-3507322.94490949,1753663.47245474
"958",-1.82702580370115,0.331990243513887,-3507322.94490949,1753663.47245474
"959",-1.82702580370115,0.331990243513887,-3507322.94490949,1753663.47245474
"960",-1.82702580370115,0.331990243513887,-3507322.94490949,1753663.47245474
"961",-1.82702580370115,0.331990243513887,-3507322.94490949,1753663.47245474
"962",-1.82702580370115,0.331990243513887,-3507322.94490949,1753663.47245474
"963",-1.82702580370115,0.331990243513887,-3507322.94490949,1753663.47245474
"964",-1.82702580370115,0.331990243513887,-3507322.94490949,1753663.47245474
"965",-1.82702580370115,0.331990243513887,-3507322.94490949,1753663.47245474
"966",-1.82702580370115,0.331990243513887,-3507322.94490949,1753663.47245474
"967",-1.82702580370115,0.331990243513887,-3507322.94490949,1753663.47245474
"968",-1.82702580370115,0.331990243513887,-3507322.94490949,1753663.47245474
"969",-1.82702580370115,0.331990243513887,-3507322.94490949,1753663.47245474
"970",-1.82702580370115,0.331990243513887,-3507322.94490949,1753663.47245474
"971",-1.82702580370115,0.331990243513887,-3507322.94490949,1753663.47245474
"972",-1.82702580370115,0.331990243513887,-3507322.94490949,1753663.47245474
"973",-1.82702580370115,0.331990243513887,-3507322.94490949,1753663.47245474
"974",-1.82702580370115,0.331990243513887,-3507322.94490949,1753663.47245474
"975",-1.82702580370115,0.331990243513887,-3507322.94490949,1753663.47245474
"976",-1.82702580370115,0.331990243513887,-3507322.94490949,1753663.47245474
"977",-1.82702580370115,0.331990243513887,-3507322.94490949,1753663.47245474
"978",-1.82702580370115,0.331990243513887,-3507322.94490949,1753663.47245474
"979",-1.82702580370115,0.331990243513887,-3507322.94490949,1753663.47245474
"980",-1.82702580370115,0.331990243513887,-3507322.94490949,1753663.47245474
"981",-1.82702580370115,0.331990243513887,-3507322.94490949,1753663.47245474
"982",-1.82702580370115,0.331990243513887,-3507322.94490949,1753663.47245474
"983",-1.82702580370115,0.331990243513887,-3507322.94490949,1753663.47245474
"984",-1.82702580370115,0.331990243513887,-3507322.94490949,1753663.47245474
"985",-1.82702580370115,0.331990243513887,-3507322.94490949,1753663.47245474
"986",-1.82702580370115,0.331990243513887,-3507322.94490949,1753663.47245474
"987",-1.82702580370115,0.331990243513887,-3507322.94490949,1753663.47245474
"988",-1.82702580370115,0.331990243513887,-3507322.94490949,1753663.47245474
"989",-1.82702580370115,0.331990243513887,-3507322.94490949,1753663.47245474
"990",-1.82702580370115,0.331990243513887,-3507322.94490949,1753663.47245474
"991",-1.82702580370115,0.331990243513887,-3507322.94490949,1753663.47245474
"992",-1.82702580370115,0.331990243513887,-3507322.94490949,1753663.47245474
"993",-1.82702580370115,0.331990243513887,-3507322.94490949,1753663.47245474
"994",-1.82702580370115,0.331990243513887,-3507322.94490949,1753663.47245474
"995",-1.82702580370115,0.331990243513887,-3507322.94490949,1753663.47245474
"996",-1.82702580370115,0.331990243513887,-3507322.94490949,1753663.47245474
"997",-1.82702580370115,0.331990243513887,-3507322.94490949,1753663.47245474
"998",-1.82702580370115,0.331990243513887,-3507322.94490949,1753663.47245474
"999",-1.82702580370115,0.331990243513887,-3507322.94490949,1753663.47245474
"1000",-1.82702580370115,0.331990243513887,-3507322.94490949,1753663.47245474
