"","shape","rate","aic","LL"
"1",10.0309756930315,59.2663499365194,-3585345.65696896,1792674.82848448
"2",10.0309756930315,59.2663499365194,-3585345.65696896,1792674.82848448
"3",10.0309756930315,59.2663499365194,-3585345.65696896,1792674.82848448
"4",10.0309756930315,59.2663499365194,-3585345.65696896,1792674.82848448
"5",10.0309756930315,59.2663499365194,-3585345.65696896,1792674.82848448
"6",10.0309756930315,59.2663499365194,-3585345.65696896,1792674.82848448
"7",10.0309756930315,59.2663499365194,-3585345.65696896,1792674.82848448
"8",10.0309756930315,59.2663499365194,-3585345.65696896,1792674.82848448
"9",10.0309756930315,59.2663499365194,-3585345.65696896,1792674.82848448
"10",10.0309756930315,59.2663499365194,-3585345.65696896,1792674.82848448
"11",10.0309756930315,59.2663499365194,-3585345.65696896,1792674.82848448
"12",10.0309756930315,59.2663499365194,-3585345.65696896,1792674.82848448
"13",10.0309756930315,59.2663499365194,-3585345.65696896,1792674.82848448
"14",10.0309756930315,59.2663499365194,-3585345.65696896,1792674.82848448
"15",10.0309756930315,59.2663499365194,-3585345.65696896,1792674.82848448
"16",10.0309756930315,59.2663499365194,-3585345.65696896,1792674.82848448
"17",10.0309756930315,59.2663499365194,-3585345.65696896,1792674.82848448
"18",10.0309756930315,59.2663499365194,-3585345.65696896,1792674.82848448
"19",10.0309756930315,59.2663499365194,-3585345.65696896,1792674.82848448
"20",10.0309756930315,59.2663499365194,-3585345.65696896,1792674.82848448
"21",10.0309756930315,59.2663499365194,-3585345.65696896,1792674.82848448
"22",10.0309756930315,59.2663499365194,-3585345.65696896,1792674.82848448
"23",10.0309756930315,59.2663499365194,-3585345.65696896,1792674.82848448
"24",10.0309756930315,59.2663499365194,-3585345.65696896,1792674.82848448
"25",10.0309756930315,59.2663499365194,-3585345.65696896,1792674.82848448
"26",10.0309756930315,59.2663499365194,-3585345.65696896,1792674.82848448
"27",10.0309756930315,59.2663499365194,-3585345.65696896,1792674.82848448
"28",10.0309756930315,59.2663499365194,-3585345.65696896,1792674.82848448
"29",10.0309756930315,59.2663499365194,-3585345.65696896,1792674.82848448
"30",10.0309756930315,59.2663499365194,-3585345.65696896,1792674.82848448
"31",10.0309756930315,59.2663499365194,-3585345.65696896,1792674.82848448
"32",10.0309756930315,59.2663499365194,-3585345.65696896,1792674.82848448
"33",10.0309756930315,59.2663499365194,-3585345.65696896,1792674.82848448
"34",10.0309756930315,59.2663499365194,-3585345.65696896,1792674.82848448
"35",10.0309756930315,59.2663499365194,-3585345.65696896,1792674.82848448
"36",10.0309756930315,59.2663499365194,-3585345.65696896,1792674.82848448
"37",10.0309756930315,59.2663499365194,-3585345.65696896,1792674.82848448
"38",10.0309756930315,59.2663499365194,-3585345.65696896,1792674.82848448
"39",10.0309756930315,59.2663499365194,-3585345.65696896,1792674.82848448
"40",10.0309756930315,59.2663499365194,-3585345.65696896,1792674.82848448
"41",10.0309756930315,59.2663499365194,-3585345.65696896,1792674.82848448
"42",10.0309756930315,59.2663499365194,-3585345.65696896,1792674.82848448
"43",10.0309756930315,59.2663499365194,-3585345.65696896,1792674.82848448
"44",10.0309756930315,59.2663499365194,-3585345.65696896,1792674.82848448
"45",10.0309756930315,59.2663499365194,-3585345.65696896,1792674.82848448
"46",10.0309756930315,59.2663499365194,-3585345.65696896,1792674.82848448
"47",10.0309756930315,59.2663499365194,-3585345.65696896,1792674.82848448
"48",10.0309756930315,59.2663499365194,-3585345.65696896,1792674.82848448
"49",10.0309756930315,59.2663499365194,-3585345.65696896,1792674.82848448
"50",10.0309756930315,59.2663499365194,-3585345.65696896,1792674.82848448
"51",10.0309756930315,59.2663499365194,-3585345.65696896,1792674.82848448
"52",10.0309756930315,59.2663499365194,-3585345.65696896,1792674.82848448
"53",10.0309756930315,59.2663499365194,-3585345.65696896,1792674.82848448
"54",10.0309756930315,59.2663499365194,-3585345.65696896,1792674.82848448
"55",10.0309756930315,59.2663499365194,-3585345.65696896,1792674.82848448
"56",10.0309756930315,59.2663499365194,-3585345.65696896,1792674.82848448
"57",10.0309756930315,59.2663499365194,-3585345.65696896,1792674.82848448
"58",10.0309756930315,59.2663499365194,-3585345.65696896,1792674.82848448
"59",10.0309756930315,59.2663499365194,-3585345.65696896,1792674.82848448
"60",10.0309756930315,59.2663499365194,-3585345.65696896,1792674.82848448
"61",10.0309756930315,59.2663499365194,-3585345.65696896,1792674.82848448
"62",10.0309756930315,59.2663499365194,-3585345.65696896,1792674.82848448
"63",10.0309756930315,59.2663499365194,-3585345.65696896,1792674.82848448
"64",10.0309756930315,59.2663499365194,-3585345.65696896,1792674.82848448
"65",10.0309756930315,59.2663499365194,-3585345.65696896,1792674.82848448
"66",10.0309756930315,59.2663499365194,-3585345.65696896,1792674.82848448
"67",10.0309756930315,59.2663499365194,-3585345.65696896,1792674.82848448
"68",10.0309756930315,59.2663499365194,-3585345.65696896,1792674.82848448
"69",10.0309756930315,59.2663499365194,-3585345.65696896,1792674.82848448
"70",10.0309756930315,59.2663499365194,-3585345.65696896,1792674.82848448
"71",10.0309756930315,59.2663499365194,-3585345.65696896,1792674.82848448
"72",10.0309756930315,59.2663499365194,-3585345.65696896,1792674.82848448
"73",10.0309756930315,59.2663499365194,-3585345.65696896,1792674.82848448
"74",10.0309756930315,59.2663499365194,-3585345.65696896,1792674.82848448
"75",10.0309756930315,59.2663499365194,-3585345.65696896,1792674.82848448
"76",10.0309756930315,59.2663499365194,-3585345.65696896,1792674.82848448
"77",10.0309756930315,59.2663499365194,-3585345.65696896,1792674.82848448
"78",10.0309756930315,59.2663499365194,-3585345.65696896,1792674.82848448
"79",10.0309756930315,59.2663499365194,-3585345.65696896,1792674.82848448
"80",10.0309756930315,59.2663499365194,-3585345.65696896,1792674.82848448
"81",10.0309756930315,59.2663499365194,-3585345.65696896,1792674.82848448
"82",10.0309756930315,59.2663499365194,-3585345.65696896,1792674.82848448
"83",10.0309756930315,59.2663499365194,-3585345.65696896,1792674.82848448
"84",10.0309756930315,59.2663499365194,-3585345.65696896,1792674.82848448
"85",10.0309756930315,59.2663499365194,-3585345.65696896,1792674.82848448
"86",10.0309756930315,59.2663499365194,-3585345.65696896,1792674.82848448
"87",10.0309756930315,59.2663499365194,-3585345.65696896,1792674.82848448
"88",10.0309756930315,59.2663499365194,-3585345.65696896,1792674.82848448
"89",10.0309756930315,59.2663499365194,-3585345.65696896,1792674.82848448
"90",10.0309756930315,59.2663499365194,-3585345.65696896,1792674.82848448
"91",10.0309756930315,59.2663499365194,-3585345.65696896,1792674.82848448
"92",10.0309756930315,59.2663499365194,-3585345.65696896,1792674.82848448
"93",10.0309756930315,59.2663499365194,-3585345.65696896,1792674.82848448
"94",10.0309756930315,59.2663499365194,-3585345.65696896,1792674.82848448
"95",10.0309756930315,59.2663499365194,-3585345.65696896,1792674.82848448
"96",10.0309756930315,59.2663499365194,-3585345.65696896,1792674.82848448
"97",10.0309756930315,59.2663499365194,-3585345.65696896,1792674.82848448
"98",10.0309756930315,59.2663499365194,-3585345.65696896,1792674.82848448
"99",10.0309756930315,59.2663499365194,-3585345.65696896,1792674.82848448
"100",10.0309756930315,59.2663499365194,-3585345.65696896,1792674.82848448
"101",10.0309756930315,59.2663499365194,-3585345.65696896,1792674.82848448
"102",10.0309756930315,59.2663499365194,-3585345.65696896,1792674.82848448
"103",10.0309756930315,59.2663499365194,-3585345.65696896,1792674.82848448
"104",10.0309756930315,59.2663499365194,-3585345.65696896,1792674.82848448
"105",10.0309756930315,59.2663499365194,-3585345.65696896,1792674.82848448
"106",10.0309756930315,59.2663499365194,-3585345.65696896,1792674.82848448
"107",10.0309756930315,59.2663499365194,-3585345.65696896,1792674.82848448
"108",10.0309756930315,59.2663499365194,-3585345.65696896,1792674.82848448
"109",10.0309756930315,59.2663499365194,-3585345.65696896,1792674.82848448
"110",10.0309756930315,59.2663499365194,-3585345.65696896,1792674.82848448
"111",10.0309756930315,59.2663499365194,-3585345.65696896,1792674.82848448
"112",10.0309756930315,59.2663499365194,-3585345.65696896,1792674.82848448
"113",10.0309756930315,59.2663499365194,-3585345.65696896,1792674.82848448
"114",10.0309756930315,59.2663499365194,-3585345.65696896,1792674.82848448
"115",10.0309756930315,59.2663499365194,-3585345.65696896,1792674.82848448
"116",10.0309756930315,59.2663499365194,-3585345.65696896,1792674.82848448
"117",10.0309756930315,59.2663499365194,-3585345.65696896,1792674.82848448
"118",10.0309756930315,59.2663499365194,-3585345.65696896,1792674.82848448
"119",10.0309756930315,59.2663499365194,-3585345.65696896,1792674.82848448
"120",10.0309756930315,59.2663499365194,-3585345.65696896,1792674.82848448
"121",10.0309756930315,59.2663499365194,-3585345.65696896,1792674.82848448
"122",10.0309756930315,59.2663499365194,-3585345.65696896,1792674.82848448
"123",10.0309756930315,59.2663499365194,-3585345.65696896,1792674.82848448
"124",10.0309756930315,59.2663499365194,-3585345.65696896,1792674.82848448
"125",10.0309756930315,59.2663499365194,-3585345.65696896,1792674.82848448
"126",10.0309756930315,59.2663499365194,-3585345.65696896,1792674.82848448
"127",10.0309756930315,59.2663499365194,-3585345.65696896,1792674.82848448
"128",10.0309756930315,59.2663499365194,-3585345.65696896,1792674.82848448
"129",10.0309756930315,59.2663499365194,-3585345.65696896,1792674.82848448
"130",10.0309756930315,59.2663499365194,-3585345.65696896,1792674.82848448
"131",10.0309756930315,59.2663499365194,-3585345.65696896,1792674.82848448
"132",10.0309756930315,59.2663499365194,-3585345.65696896,1792674.82848448
"133",10.0309756930315,59.2663499365194,-3585345.65696896,1792674.82848448
"134",10.0309756930315,59.2663499365194,-3585345.65696896,1792674.82848448
"135",10.0309756930315,59.2663499365194,-3585345.65696896,1792674.82848448
"136",10.0309756930315,59.2663499365194,-3585345.65696896,1792674.82848448
"137",10.0309756930315,59.2663499365194,-3585345.65696896,1792674.82848448
"138",10.0309756930315,59.2663499365194,-3585345.65696896,1792674.82848448
"139",10.0309756930315,59.2663499365194,-3585345.65696896,1792674.82848448
"140",10.0309756930315,59.2663499365194,-3585345.65696896,1792674.82848448
"141",10.0309756930315,59.2663499365194,-3585345.65696896,1792674.82848448
"142",10.0309756930315,59.2663499365194,-3585345.65696896,1792674.82848448
"143",10.0309756930315,59.2663499365194,-3585345.65696896,1792674.82848448
"144",10.0309756930315,59.2663499365194,-3585345.65696896,1792674.82848448
"145",10.0309756930315,59.2663499365194,-3585345.65696896,1792674.82848448
"146",10.0309756930315,59.2663499365194,-3585345.65696896,1792674.82848448
"147",10.0309756930315,59.2663499365194,-3585345.65696896,1792674.82848448
"148",10.0309756930315,59.2663499365194,-3585345.65696896,1792674.82848448
"149",10.0309756930315,59.2663499365194,-3585345.65696896,1792674.82848448
"150",10.0309756930315,59.2663499365194,-3585345.65696896,1792674.82848448
"151",10.0309756930315,59.2663499365194,-3585345.65696896,1792674.82848448
"152",10.0309756930315,59.2663499365194,-3585345.65696896,1792674.82848448
"153",10.0309756930315,59.2663499365194,-3585345.65696896,1792674.82848448
"154",10.0309756930315,59.2663499365194,-3585345.65696896,1792674.82848448
"155",10.0309756930315,59.2663499365194,-3585345.65696896,1792674.82848448
"156",10.0309756930315,59.2663499365194,-3585345.65696896,1792674.82848448
"157",10.0309756930315,59.2663499365194,-3585345.65696896,1792674.82848448
"158",10.0309756930315,59.2663499365194,-3585345.65696896,1792674.82848448
"159",10.0309756930315,59.2663499365194,-3585345.65696896,1792674.82848448
"160",10.0309756930315,59.2663499365194,-3585345.65696896,1792674.82848448
"161",10.0309756930315,59.2663499365194,-3585345.65696896,1792674.82848448
"162",10.0309756930315,59.2663499365194,-3585345.65696896,1792674.82848448
"163",10.0309756930315,59.2663499365194,-3585345.65696896,1792674.82848448
"164",10.0309756930315,59.2663499365194,-3585345.65696896,1792674.82848448
"165",10.0309756930315,59.2663499365194,-3585345.65696896,1792674.82848448
"166",10.0309756930315,59.2663499365194,-3585345.65696896,1792674.82848448
"167",10.0309756930315,59.2663499365194,-3585345.65696896,1792674.82848448
"168",10.0309756930315,59.2663499365194,-3585345.65696896,1792674.82848448
"169",10.0309756930315,59.2663499365194,-3585345.65696896,1792674.82848448
"170",10.0309756930315,59.2663499365194,-3585345.65696896,1792674.82848448
"171",10.0309756930315,59.2663499365194,-3585345.65696896,1792674.82848448
"172",10.0309756930315,59.2663499365194,-3585345.65696896,1792674.82848448
"173",10.0309756930315,59.2663499365194,-3585345.65696896,1792674.82848448
"174",10.0309756930315,59.2663499365194,-3585345.65696896,1792674.82848448
"175",10.0309756930315,59.2663499365194,-3585345.65696896,1792674.82848448
"176",10.0309756930315,59.2663499365194,-3585345.65696896,1792674.82848448
"177",10.0309756930315,59.2663499365194,-3585345.65696896,1792674.82848448
"178",10.0309756930315,59.2663499365194,-3585345.65696896,1792674.82848448
"179",10.0309756930315,59.2663499365194,-3585345.65696896,1792674.82848448
"180",10.0309756930315,59.2663499365194,-3585345.65696896,1792674.82848448
"181",10.0309756930315,59.2663499365194,-3585345.65696896,1792674.82848448
"182",10.0309756930315,59.2663499365194,-3585345.65696896,1792674.82848448
"183",10.0309756930315,59.2663499365194,-3585345.65696896,1792674.82848448
"184",10.0309756930315,59.2663499365194,-3585345.65696896,1792674.82848448
"185",10.0309756930315,59.2663499365194,-3585345.65696896,1792674.82848448
"186",10.0309756930315,59.2663499365194,-3585345.65696896,1792674.82848448
"187",10.0309756930315,59.2663499365194,-3585345.65696896,1792674.82848448
"188",10.0309756930315,59.2663499365194,-3585345.65696896,1792674.82848448
"189",10.0309756930315,59.2663499365194,-3585345.65696896,1792674.82848448
"190",10.0309756930315,59.2663499365194,-3585345.65696896,1792674.82848448
"191",10.0309756930315,59.2663499365194,-3585345.65696896,1792674.82848448
"192",10.0309756930315,59.2663499365194,-3585345.65696896,1792674.82848448
"193",10.0309756930315,59.2663499365194,-3585345.65696896,1792674.82848448
"194",10.0309756930315,59.2663499365194,-3585345.65696896,1792674.82848448
"195",10.0309756930315,59.2663499365194,-3585345.65696896,1792674.82848448
"196",10.0309756930315,59.2663499365194,-3585345.65696896,1792674.82848448
"197",10.0309756930315,59.2663499365194,-3585345.65696896,1792674.82848448
"198",10.0309756930315,59.2663499365194,-3585345.65696896,1792674.82848448
"199",10.0309756930315,59.2663499365194,-3585345.65696896,1792674.82848448
"200",10.0309756930315,59.2663499365194,-3585345.65696896,1792674.82848448
"201",10.0309756930315,59.2663499365194,-3585345.65696896,1792674.82848448
"202",10.0309756930315,59.2663499365194,-3585345.65696896,1792674.82848448
"203",10.0309756930315,59.2663499365194,-3585345.65696896,1792674.82848448
"204",10.0309756930315,59.2663499365194,-3585345.65696896,1792674.82848448
"205",10.0309756930315,59.2663499365194,-3585345.65696896,1792674.82848448
"206",10.0309756930315,59.2663499365194,-3585345.65696896,1792674.82848448
"207",10.0309756930315,59.2663499365194,-3585345.65696896,1792674.82848448
"208",10.0309756930315,59.2663499365194,-3585345.65696896,1792674.82848448
"209",10.0309756930315,59.2663499365194,-3585345.65696896,1792674.82848448
"210",10.0309756930315,59.2663499365194,-3585345.65696896,1792674.82848448
"211",10.0309756930315,59.2663499365194,-3585345.65696896,1792674.82848448
"212",10.0309756930315,59.2663499365194,-3585345.65696896,1792674.82848448
"213",10.0309756930315,59.2663499365194,-3585345.65696896,1792674.82848448
"214",10.0309756930315,59.2663499365194,-3585345.65696896,1792674.82848448
"215",10.0309756930315,59.2663499365194,-3585345.65696896,1792674.82848448
"216",10.0309756930315,59.2663499365194,-3585345.65696896,1792674.82848448
"217",10.0309756930315,59.2663499365194,-3585345.65696896,1792674.82848448
"218",10.0309756930315,59.2663499365194,-3585345.65696896,1792674.82848448
"219",10.0309756930315,59.2663499365194,-3585345.65696896,1792674.82848448
"220",10.0309756930315,59.2663499365194,-3585345.65696896,1792674.82848448
"221",10.0309756930315,59.2663499365194,-3585345.65696896,1792674.82848448
"222",10.0309756930315,59.2663499365194,-3585345.65696896,1792674.82848448
"223",10.0309756930315,59.2663499365194,-3585345.65696896,1792674.82848448
"224",10.0309756930315,59.2663499365194,-3585345.65696896,1792674.82848448
"225",10.0309756930315,59.2663499365194,-3585345.65696896,1792674.82848448
"226",10.0309756930315,59.2663499365194,-3585345.65696896,1792674.82848448
"227",10.0309756930315,59.2663499365194,-3585345.65696896,1792674.82848448
"228",10.0309756930315,59.2663499365194,-3585345.65696896,1792674.82848448
"229",10.0309756930315,59.2663499365194,-3585345.65696896,1792674.82848448
"230",10.0309756930315,59.2663499365194,-3585345.65696896,1792674.82848448
"231",10.0309756930315,59.2663499365194,-3585345.65696896,1792674.82848448
"232",10.0309756930315,59.2663499365194,-3585345.65696896,1792674.82848448
"233",10.0309756930315,59.2663499365194,-3585345.65696896,1792674.82848448
"234",10.0309756930315,59.2663499365194,-3585345.65696896,1792674.82848448
"235",10.0309756930315,59.2663499365194,-3585345.65696896,1792674.82848448
"236",10.0309756930315,59.2663499365194,-3585345.65696896,1792674.82848448
"237",10.0309756930315,59.2663499365194,-3585345.65696896,1792674.82848448
"238",10.0309756930315,59.2663499365194,-3585345.65696896,1792674.82848448
"239",10.0309756930315,59.2663499365194,-3585345.65696896,1792674.82848448
"240",10.0309756930315,59.2663499365194,-3585345.65696896,1792674.82848448
"241",10.0309756930315,59.2663499365194,-3585345.65696896,1792674.82848448
"242",10.0309756930315,59.2663499365194,-3585345.65696896,1792674.82848448
"243",10.0309756930315,59.2663499365194,-3585345.65696896,1792674.82848448
"244",10.0309756930315,59.2663499365194,-3585345.65696896,1792674.82848448
"245",10.0309756930315,59.2663499365194,-3585345.65696896,1792674.82848448
"246",10.0309756930315,59.2663499365194,-3585345.65696896,1792674.82848448
"247",10.0309756930315,59.2663499365194,-3585345.65696896,1792674.82848448
"248",10.0309756930315,59.2663499365194,-3585345.65696896,1792674.82848448
"249",10.0309756930315,59.2663499365194,-3585345.65696896,1792674.82848448
"250",10.0309756930315,59.2663499365194,-3585345.65696896,1792674.82848448
"251",10.0309756930315,59.2663499365194,-3585345.65696896,1792674.82848448
"252",10.0309756930315,59.2663499365194,-3585345.65696896,1792674.82848448
"253",10.0309756930315,59.2663499365194,-3585345.65696896,1792674.82848448
"254",10.0309756930315,59.2663499365194,-3585345.65696896,1792674.82848448
"255",10.0309756930315,59.2663499365194,-3585345.65696896,1792674.82848448
"256",10.0309756930315,59.2663499365194,-3585345.65696896,1792674.82848448
"257",10.0309756930315,59.2663499365194,-3585345.65696896,1792674.82848448
"258",10.0309756930315,59.2663499365194,-3585345.65696896,1792674.82848448
"259",10.0309756930315,59.2663499365194,-3585345.65696896,1792674.82848448
"260",10.0309756930315,59.2663499365194,-3585345.65696896,1792674.82848448
"261",10.0309756930315,59.2663499365194,-3585345.65696896,1792674.82848448
"262",10.0309756930315,59.2663499365194,-3585345.65696896,1792674.82848448
"263",10.0309756930315,59.2663499365194,-3585345.65696896,1792674.82848448
"264",10.0309756930315,59.2663499365194,-3585345.65696896,1792674.82848448
"265",10.0309756930315,59.2663499365194,-3585345.65696896,1792674.82848448
"266",10.0309756930315,59.2663499365194,-3585345.65696896,1792674.82848448
"267",10.0309756930315,59.2663499365194,-3585345.65696896,1792674.82848448
"268",10.0309756930315,59.2663499365194,-3585345.65696896,1792674.82848448
"269",10.0309756930315,59.2663499365194,-3585345.65696896,1792674.82848448
"270",10.0309756930315,59.2663499365194,-3585345.65696896,1792674.82848448
"271",10.0309756930315,59.2663499365194,-3585345.65696896,1792674.82848448
"272",10.0309756930315,59.2663499365194,-3585345.65696896,1792674.82848448
"273",10.0309756930315,59.2663499365194,-3585345.65696896,1792674.82848448
"274",10.0309756930315,59.2663499365194,-3585345.65696896,1792674.82848448
"275",10.0309756930315,59.2663499365194,-3585345.65696896,1792674.82848448
"276",10.0309756930315,59.2663499365194,-3585345.65696896,1792674.82848448
"277",10.0309756930315,59.2663499365194,-3585345.65696896,1792674.82848448
"278",10.0309756930315,59.2663499365194,-3585345.65696896,1792674.82848448
"279",10.0309756930315,59.2663499365194,-3585345.65696896,1792674.82848448
"280",10.0309756930315,59.2663499365194,-3585345.65696896,1792674.82848448
"281",10.0309756930315,59.2663499365194,-3585345.65696896,1792674.82848448
"282",10.0309756930315,59.2663499365194,-3585345.65696896,1792674.82848448
"283",10.0309756930315,59.2663499365194,-3585345.65696896,1792674.82848448
"284",10.0309756930315,59.2663499365194,-3585345.65696896,1792674.82848448
"285",10.0309756930315,59.2663499365194,-3585345.65696896,1792674.82848448
"286",10.0309756930315,59.2663499365194,-3585345.65696896,1792674.82848448
"287",10.0309756930315,59.2663499365194,-3585345.65696896,1792674.82848448
"288",10.0309756930315,59.2663499365194,-3585345.65696896,1792674.82848448
"289",10.0309756930315,59.2663499365194,-3585345.65696896,1792674.82848448
"290",10.0309756930315,59.2663499365194,-3585345.65696896,1792674.82848448
"291",10.0309756930315,59.2663499365194,-3585345.65696896,1792674.82848448
"292",10.0309756930315,59.2663499365194,-3585345.65696896,1792674.82848448
"293",10.0309756930315,59.2663499365194,-3585345.65696896,1792674.82848448
"294",10.0309756930315,59.2663499365194,-3585345.65696896,1792674.82848448
"295",10.0309756930315,59.2663499365194,-3585345.65696896,1792674.82848448
"296",10.0309756930315,59.2663499365194,-3585345.65696896,1792674.82848448
"297",10.0309756930315,59.2663499365194,-3585345.65696896,1792674.82848448
"298",10.0309756930315,59.2663499365194,-3585345.65696896,1792674.82848448
"299",10.0309756930315,59.2663499365194,-3585345.65696896,1792674.82848448
"300",10.0309756930315,59.2663499365194,-3585345.65696896,1792674.82848448
"301",10.0309756930315,59.2663499365194,-3585345.65696896,1792674.82848448
"302",10.0309756930315,59.2663499365194,-3585345.65696896,1792674.82848448
"303",10.0309756930315,59.2663499365194,-3585345.65696896,1792674.82848448
"304",10.0309756930315,59.2663499365194,-3585345.65696896,1792674.82848448
"305",10.0309756930315,59.2663499365194,-3585345.65696896,1792674.82848448
"306",10.0309756930315,59.2663499365194,-3585345.65696896,1792674.82848448
"307",10.0309756930315,59.2663499365194,-3585345.65696896,1792674.82848448
"308",10.0309756930315,59.2663499365194,-3585345.65696896,1792674.82848448
"309",10.0309756930315,59.2663499365194,-3585345.65696896,1792674.82848448
"310",10.0309756930315,59.2663499365194,-3585345.65696896,1792674.82848448
"311",10.0309756930315,59.2663499365194,-3585345.65696896,1792674.82848448
"312",10.0309756930315,59.2663499365194,-3585345.65696896,1792674.82848448
"313",10.0309756930315,59.2663499365194,-3585345.65696896,1792674.82848448
"314",10.0309756930315,59.2663499365194,-3585345.65696896,1792674.82848448
"315",10.0309756930315,59.2663499365194,-3585345.65696896,1792674.82848448
"316",10.0309756930315,59.2663499365194,-3585345.65696896,1792674.82848448
"317",10.0309756930315,59.2663499365194,-3585345.65696896,1792674.82848448
"318",10.0309756930315,59.2663499365194,-3585345.65696896,1792674.82848448
"319",10.0309756930315,59.2663499365194,-3585345.65696896,1792674.82848448
"320",10.0309756930315,59.2663499365194,-3585345.65696896,1792674.82848448
"321",10.0309756930315,59.2663499365194,-3585345.65696896,1792674.82848448
"322",10.0309756930315,59.2663499365194,-3585345.65696896,1792674.82848448
"323",10.0309756930315,59.2663499365194,-3585345.65696896,1792674.82848448
"324",10.0309756930315,59.2663499365194,-3585345.65696896,1792674.82848448
"325",10.0309756930315,59.2663499365194,-3585345.65696896,1792674.82848448
"326",10.0309756930315,59.2663499365194,-3585345.65696896,1792674.82848448
"327",10.0309756930315,59.2663499365194,-3585345.65696896,1792674.82848448
"328",10.0309756930315,59.2663499365194,-3585345.65696896,1792674.82848448
"329",10.0309756930315,59.2663499365194,-3585345.65696896,1792674.82848448
"330",10.0309756930315,59.2663499365194,-3585345.65696896,1792674.82848448
"331",10.0309756930315,59.2663499365194,-3585345.65696896,1792674.82848448
"332",10.0309756930315,59.2663499365194,-3585345.65696896,1792674.82848448
"333",10.0309756930315,59.2663499365194,-3585345.65696896,1792674.82848448
"334",10.0309756930315,59.2663499365194,-3585345.65696896,1792674.82848448
"335",10.0309756930315,59.2663499365194,-3585345.65696896,1792674.82848448
"336",10.0309756930315,59.2663499365194,-3585345.65696896,1792674.82848448
"337",10.0309756930315,59.2663499365194,-3585345.65696896,1792674.82848448
"338",10.0309756930315,59.2663499365194,-3585345.65696896,1792674.82848448
"339",10.0309756930315,59.2663499365194,-3585345.65696896,1792674.82848448
"340",10.0309756930315,59.2663499365194,-3585345.65696896,1792674.82848448
"341",10.0309756930315,59.2663499365194,-3585345.65696896,1792674.82848448
"342",10.0309756930315,59.2663499365194,-3585345.65696896,1792674.82848448
"343",10.0309756930315,59.2663499365194,-3585345.65696896,1792674.82848448
"344",10.0309756930315,59.2663499365194,-3585345.65696896,1792674.82848448
"345",10.0309756930315,59.2663499365194,-3585345.65696896,1792674.82848448
"346",10.0309756930315,59.2663499365194,-3585345.65696896,1792674.82848448
"347",10.0309756930315,59.2663499365194,-3585345.65696896,1792674.82848448
"348",10.0309756930315,59.2663499365194,-3585345.65696896,1792674.82848448
"349",10.0309756930315,59.2663499365194,-3585345.65696896,1792674.82848448
"350",10.0309756930315,59.2663499365194,-3585345.65696896,1792674.82848448
"351",10.0309756930315,59.2663499365194,-3585345.65696896,1792674.82848448
"352",10.0309756930315,59.2663499365194,-3585345.65696896,1792674.82848448
"353",10.0309756930315,59.2663499365194,-3585345.65696896,1792674.82848448
"354",10.0309756930315,59.2663499365194,-3585345.65696896,1792674.82848448
"355",10.0309756930315,59.2663499365194,-3585345.65696896,1792674.82848448
"356",10.0309756930315,59.2663499365194,-3585345.65696896,1792674.82848448
"357",10.0309756930315,59.2663499365194,-3585345.65696896,1792674.82848448
"358",10.0309756930315,59.2663499365194,-3585345.65696896,1792674.82848448
"359",10.0309756930315,59.2663499365194,-3585345.65696896,1792674.82848448
"360",10.0309756930315,59.2663499365194,-3585345.65696896,1792674.82848448
"361",10.0309756930315,59.2663499365194,-3585345.65696896,1792674.82848448
"362",10.0309756930315,59.2663499365194,-3585345.65696896,1792674.82848448
"363",10.0309756930315,59.2663499365194,-3585345.65696896,1792674.82848448
"364",10.0309756930315,59.2663499365194,-3585345.65696896,1792674.82848448
"365",10.0309756930315,59.2663499365194,-3585345.65696896,1792674.82848448
"366",10.0309756930315,59.2663499365194,-3585345.65696896,1792674.82848448
"367",10.0309756930315,59.2663499365194,-3585345.65696896,1792674.82848448
"368",10.0309756930315,59.2663499365194,-3585345.65696896,1792674.82848448
"369",10.0309756930315,59.2663499365194,-3585345.65696896,1792674.82848448
"370",10.0309756930315,59.2663499365194,-3585345.65696896,1792674.82848448
"371",10.0309756930315,59.2663499365194,-3585345.65696896,1792674.82848448
"372",10.0309756930315,59.2663499365194,-3585345.65696896,1792674.82848448
"373",10.0309756930315,59.2663499365194,-3585345.65696896,1792674.82848448
"374",10.0309756930315,59.2663499365194,-3585345.65696896,1792674.82848448
"375",10.0309756930315,59.2663499365194,-3585345.65696896,1792674.82848448
"376",10.0309756930315,59.2663499365194,-3585345.65696896,1792674.82848448
"377",10.0309756930315,59.2663499365194,-3585345.65696896,1792674.82848448
"378",10.0309756930315,59.2663499365194,-3585345.65696896,1792674.82848448
"379",10.0309756930315,59.2663499365194,-3585345.65696896,1792674.82848448
"380",10.0309756930315,59.2663499365194,-3585345.65696896,1792674.82848448
"381",10.0309756930315,59.2663499365194,-3585345.65696896,1792674.82848448
"382",10.0309756930315,59.2663499365194,-3585345.65696896,1792674.82848448
"383",10.0309756930315,59.2663499365194,-3585345.65696896,1792674.82848448
"384",10.0309756930315,59.2663499365194,-3585345.65696896,1792674.82848448
"385",10.0309756930315,59.2663499365194,-3585345.65696896,1792674.82848448
"386",10.0309756930315,59.2663499365194,-3585345.65696896,1792674.82848448
"387",10.0309756930315,59.2663499365194,-3585345.65696896,1792674.82848448
"388",10.0309756930315,59.2663499365194,-3585345.65696896,1792674.82848448
"389",10.0309756930315,59.2663499365194,-3585345.65696896,1792674.82848448
"390",10.0309756930315,59.2663499365194,-3585345.65696896,1792674.82848448
"391",10.0309756930315,59.2663499365194,-3585345.65696896,1792674.82848448
"392",10.0309756930315,59.2663499365194,-3585345.65696896,1792674.82848448
"393",10.0309756930315,59.2663499365194,-3585345.65696896,1792674.82848448
"394",10.0309756930315,59.2663499365194,-3585345.65696896,1792674.82848448
"395",10.0309756930315,59.2663499365194,-3585345.65696896,1792674.82848448
"396",10.0309756930315,59.2663499365194,-3585345.65696896,1792674.82848448
"397",10.0309756930315,59.2663499365194,-3585345.65696896,1792674.82848448
"398",10.0309756930315,59.2663499365194,-3585345.65696896,1792674.82848448
"399",10.0309756930315,59.2663499365194,-3585345.65696896,1792674.82848448
"400",10.0309756930315,59.2663499365194,-3585345.65696896,1792674.82848448
"401",10.0309756930315,59.2663499365194,-3585345.65696896,1792674.82848448
"402",10.0309756930315,59.2663499365194,-3585345.65696896,1792674.82848448
"403",10.0309756930315,59.2663499365194,-3585345.65696896,1792674.82848448
"404",10.0309756930315,59.2663499365194,-3585345.65696896,1792674.82848448
"405",10.0309756930315,59.2663499365194,-3585345.65696896,1792674.82848448
"406",10.0309756930315,59.2663499365194,-3585345.65696896,1792674.82848448
"407",10.0309756930315,59.2663499365194,-3585345.65696896,1792674.82848448
"408",10.0309756930315,59.2663499365194,-3585345.65696896,1792674.82848448
"409",10.0309756930315,59.2663499365194,-3585345.65696896,1792674.82848448
"410",10.0309756930315,59.2663499365194,-3585345.65696896,1792674.82848448
"411",10.0309756930315,59.2663499365194,-3585345.65696896,1792674.82848448
"412",10.0309756930315,59.2663499365194,-3585345.65696896,1792674.82848448
"413",10.0309756930315,59.2663499365194,-3585345.65696896,1792674.82848448
"414",10.0309756930315,59.2663499365194,-3585345.65696896,1792674.82848448
"415",10.0309756930315,59.2663499365194,-3585345.65696896,1792674.82848448
"416",10.0309756930315,59.2663499365194,-3585345.65696896,1792674.82848448
"417",10.0309756930315,59.2663499365194,-3585345.65696896,1792674.82848448
"418",10.0309756930315,59.2663499365194,-3585345.65696896,1792674.82848448
"419",10.0309756930315,59.2663499365194,-3585345.65696896,1792674.82848448
"420",10.0309756930315,59.2663499365194,-3585345.65696896,1792674.82848448
"421",10.0309756930315,59.2663499365194,-3585345.65696896,1792674.82848448
"422",10.0309756930315,59.2663499365194,-3585345.65696896,1792674.82848448
"423",10.0309756930315,59.2663499365194,-3585345.65696896,1792674.82848448
"424",10.0309756930315,59.2663499365194,-3585345.65696896,1792674.82848448
"425",10.0309756930315,59.2663499365194,-3585345.65696896,1792674.82848448
"426",10.0309756930315,59.2663499365194,-3585345.65696896,1792674.82848448
"427",10.0309756930315,59.2663499365194,-3585345.65696896,1792674.82848448
"428",10.0309756930315,59.2663499365194,-3585345.65696896,1792674.82848448
"429",10.0309756930315,59.2663499365194,-3585345.65696896,1792674.82848448
"430",10.0309756930315,59.2663499365194,-3585345.65696896,1792674.82848448
"431",10.0309756930315,59.2663499365194,-3585345.65696896,1792674.82848448
"432",10.0309756930315,59.2663499365194,-3585345.65696896,1792674.82848448
"433",10.0309756930315,59.2663499365194,-3585345.65696896,1792674.82848448
"434",10.0309756930315,59.2663499365194,-3585345.65696896,1792674.82848448
"435",10.0309756930315,59.2663499365194,-3585345.65696896,1792674.82848448
"436",10.0309756930315,59.2663499365194,-3585345.65696896,1792674.82848448
"437",10.0309756930315,59.2663499365194,-3585345.65696896,1792674.82848448
"438",10.0309756930315,59.2663499365194,-3585345.65696896,1792674.82848448
"439",10.0309756930315,59.2663499365194,-3585345.65696896,1792674.82848448
"440",10.0309756930315,59.2663499365194,-3585345.65696896,1792674.82848448
"441",10.0309756930315,59.2663499365194,-3585345.65696896,1792674.82848448
"442",10.0309756930315,59.2663499365194,-3585345.65696896,1792674.82848448
"443",10.0309756930315,59.2663499365194,-3585345.65696896,1792674.82848448
"444",10.0309756930315,59.2663499365194,-3585345.65696896,1792674.82848448
"445",10.0309756930315,59.2663499365194,-3585345.65696896,1792674.82848448
"446",10.0309756930315,59.2663499365194,-3585345.65696896,1792674.82848448
"447",10.0309756930315,59.2663499365194,-3585345.65696896,1792674.82848448
"448",10.0309756930315,59.2663499365194,-3585345.65696896,1792674.82848448
"449",10.0309756930315,59.2663499365194,-3585345.65696896,1792674.82848448
"450",10.0309756930315,59.2663499365194,-3585345.65696896,1792674.82848448
"451",10.0309756930315,59.2663499365194,-3585345.65696896,1792674.82848448
"452",10.0309756930315,59.2663499365194,-3585345.65696896,1792674.82848448
"453",10.0309756930315,59.2663499365194,-3585345.65696896,1792674.82848448
"454",10.0309756930315,59.2663499365194,-3585345.65696896,1792674.82848448
"455",10.0309756930315,59.2663499365194,-3585345.65696896,1792674.82848448
"456",10.0309756930315,59.2663499365194,-3585345.65696896,1792674.82848448
"457",10.0309756930315,59.2663499365194,-3585345.65696896,1792674.82848448
"458",10.0309756930315,59.2663499365194,-3585345.65696896,1792674.82848448
"459",10.0309756930315,59.2663499365194,-3585345.65696896,1792674.82848448
"460",10.0309756930315,59.2663499365194,-3585345.65696896,1792674.82848448
"461",10.0309756930315,59.2663499365194,-3585345.65696896,1792674.82848448
"462",10.0309756930315,59.2663499365194,-3585345.65696896,1792674.82848448
"463",10.0309756930315,59.2663499365194,-3585345.65696896,1792674.82848448
"464",10.0309756930315,59.2663499365194,-3585345.65696896,1792674.82848448
"465",10.0309756930315,59.2663499365194,-3585345.65696896,1792674.82848448
"466",10.0309756930315,59.2663499365194,-3585345.65696896,1792674.82848448
"467",10.0309756930315,59.2663499365194,-3585345.65696896,1792674.82848448
"468",10.0309756930315,59.2663499365194,-3585345.65696896,1792674.82848448
"469",10.0309756930315,59.2663499365194,-3585345.65696896,1792674.82848448
"470",10.0309756930315,59.2663499365194,-3585345.65696896,1792674.82848448
"471",10.0309756930315,59.2663499365194,-3585345.65696896,1792674.82848448
"472",10.0309756930315,59.2663499365194,-3585345.65696896,1792674.82848448
"473",10.0309756930315,59.2663499365194,-3585345.65696896,1792674.82848448
"474",10.0309756930315,59.2663499365194,-3585345.65696896,1792674.82848448
"475",10.0309756930315,59.2663499365194,-3585345.65696896,1792674.82848448
"476",10.0309756930315,59.2663499365194,-3585345.65696896,1792674.82848448
"477",10.0309756930315,59.2663499365194,-3585345.65696896,1792674.82848448
"478",10.0309756930315,59.2663499365194,-3585345.65696896,1792674.82848448
"479",10.0309756930315,59.2663499365194,-3585345.65696896,1792674.82848448
"480",10.0309756930315,59.2663499365194,-3585345.65696896,1792674.82848448
"481",10.0309756930315,59.2663499365194,-3585345.65696896,1792674.82848448
"482",10.0309756930315,59.2663499365194,-3585345.65696896,1792674.82848448
"483",10.0309756930315,59.2663499365194,-3585345.65696896,1792674.82848448
"484",10.0309756930315,59.2663499365194,-3585345.65696896,1792674.82848448
"485",10.0309756930315,59.2663499365194,-3585345.65696896,1792674.82848448
"486",10.0309756930315,59.2663499365194,-3585345.65696896,1792674.82848448
"487",10.0309756930315,59.2663499365194,-3585345.65696896,1792674.82848448
"488",10.0309756930315,59.2663499365194,-3585345.65696896,1792674.82848448
"489",10.0309756930315,59.2663499365194,-3585345.65696896,1792674.82848448
"490",10.0309756930315,59.2663499365194,-3585345.65696896,1792674.82848448
"491",10.0309756930315,59.2663499365194,-3585345.65696896,1792674.82848448
"492",10.0309756930315,59.2663499365194,-3585345.65696896,1792674.82848448
"493",10.0309756930315,59.2663499365194,-3585345.65696896,1792674.82848448
"494",10.0309756930315,59.2663499365194,-3585345.65696896,1792674.82848448
"495",10.0309756930315,59.2663499365194,-3585345.65696896,1792674.82848448
"496",10.0309756930315,59.2663499365194,-3585345.65696896,1792674.82848448
"497",10.0309756930315,59.2663499365194,-3585345.65696896,1792674.82848448
"498",10.0309756930315,59.2663499365194,-3585345.65696896,1792674.82848448
"499",10.0309756930315,59.2663499365194,-3585345.65696896,1792674.82848448
"500",10.0309756930315,59.2663499365194,-3585345.65696896,1792674.82848448
"501",10.0309756930315,59.2663499365194,-3585345.65696896,1792674.82848448
"502",10.0309756930315,59.2663499365194,-3585345.65696896,1792674.82848448
"503",10.0309756930315,59.2663499365194,-3585345.65696896,1792674.82848448
"504",10.0309756930315,59.2663499365194,-3585345.65696896,1792674.82848448
"505",10.0309756930315,59.2663499365194,-3585345.65696896,1792674.82848448
"506",10.0309756930315,59.2663499365194,-3585345.65696896,1792674.82848448
"507",10.0309756930315,59.2663499365194,-3585345.65696896,1792674.82848448
"508",10.0309756930315,59.2663499365194,-3585345.65696896,1792674.82848448
"509",10.0309756930315,59.2663499365194,-3585345.65696896,1792674.82848448
"510",10.0309756930315,59.2663499365194,-3585345.65696896,1792674.82848448
"511",10.0309756930315,59.2663499365194,-3585345.65696896,1792674.82848448
"512",10.0309756930315,59.2663499365194,-3585345.65696896,1792674.82848448
"513",10.0309756930315,59.2663499365194,-3585345.65696896,1792674.82848448
"514",10.0309756930315,59.2663499365194,-3585345.65696896,1792674.82848448
"515",10.0309756930315,59.2663499365194,-3585345.65696896,1792674.82848448
"516",10.0309756930315,59.2663499365194,-3585345.65696896,1792674.82848448
"517",10.0309756930315,59.2663499365194,-3585345.65696896,1792674.82848448
"518",10.0309756930315,59.2663499365194,-3585345.65696896,1792674.82848448
"519",10.0309756930315,59.2663499365194,-3585345.65696896,1792674.82848448
"520",10.0309756930315,59.2663499365194,-3585345.65696896,1792674.82848448
"521",10.0309756930315,59.2663499365194,-3585345.65696896,1792674.82848448
"522",10.0309756930315,59.2663499365194,-3585345.65696896,1792674.82848448
"523",10.0309756930315,59.2663499365194,-3585345.65696896,1792674.82848448
"524",10.0309756930315,59.2663499365194,-3585345.65696896,1792674.82848448
"525",10.0309756930315,59.2663499365194,-3585345.65696896,1792674.82848448
"526",10.0309756930315,59.2663499365194,-3585345.65696896,1792674.82848448
"527",10.0309756930315,59.2663499365194,-3585345.65696896,1792674.82848448
"528",10.0309756930315,59.2663499365194,-3585345.65696896,1792674.82848448
"529",10.0309756930315,59.2663499365194,-3585345.65696896,1792674.82848448
"530",10.0309756930315,59.2663499365194,-3585345.65696896,1792674.82848448
"531",10.0309756930315,59.2663499365194,-3585345.65696896,1792674.82848448
"532",10.0309756930315,59.2663499365194,-3585345.65696896,1792674.82848448
"533",10.0309756930315,59.2663499365194,-3585345.65696896,1792674.82848448
"534",10.0309756930315,59.2663499365194,-3585345.65696896,1792674.82848448
"535",10.0309756930315,59.2663499365194,-3585345.65696896,1792674.82848448
"536",10.0309756930315,59.2663499365194,-3585345.65696896,1792674.82848448
"537",10.0309756930315,59.2663499365194,-3585345.65696896,1792674.82848448
"538",10.0309756930315,59.2663499365194,-3585345.65696896,1792674.82848448
"539",10.0309756930315,59.2663499365194,-3585345.65696896,1792674.82848448
"540",10.0309756930315,59.2663499365194,-3585345.65696896,1792674.82848448
"541",10.0309756930315,59.2663499365194,-3585345.65696896,1792674.82848448
"542",10.0309756930315,59.2663499365194,-3585345.65696896,1792674.82848448
"543",10.0309756930315,59.2663499365194,-3585345.65696896,1792674.82848448
"544",10.0309756930315,59.2663499365194,-3585345.65696896,1792674.82848448
"545",10.0309756930315,59.2663499365194,-3585345.65696896,1792674.82848448
"546",10.0309756930315,59.2663499365194,-3585345.65696896,1792674.82848448
"547",10.0309756930315,59.2663499365194,-3585345.65696896,1792674.82848448
"548",10.0309756930315,59.2663499365194,-3585345.65696896,1792674.82848448
"549",10.0309756930315,59.2663499365194,-3585345.65696896,1792674.82848448
"550",10.0309756930315,59.2663499365194,-3585345.65696896,1792674.82848448
"551",10.0309756930315,59.2663499365194,-3585345.65696896,1792674.82848448
"552",10.0309756930315,59.2663499365194,-3585345.65696896,1792674.82848448
"553",10.0309756930315,59.2663499365194,-3585345.65696896,1792674.82848448
"554",10.0309756930315,59.2663499365194,-3585345.65696896,1792674.82848448
"555",10.0309756930315,59.2663499365194,-3585345.65696896,1792674.82848448
"556",10.0309756930315,59.2663499365194,-3585345.65696896,1792674.82848448
"557",10.0309756930315,59.2663499365194,-3585345.65696896,1792674.82848448
"558",10.0309756930315,59.2663499365194,-3585345.65696896,1792674.82848448
"559",10.0309756930315,59.2663499365194,-3585345.65696896,1792674.82848448
"560",10.0309756930315,59.2663499365194,-3585345.65696896,1792674.82848448
"561",10.0309756930315,59.2663499365194,-3585345.65696896,1792674.82848448
"562",10.0309756930315,59.2663499365194,-3585345.65696896,1792674.82848448
"563",10.0309756930315,59.2663499365194,-3585345.65696896,1792674.82848448
"564",10.0309756930315,59.2663499365194,-3585345.65696896,1792674.82848448
"565",10.0309756930315,59.2663499365194,-3585345.65696896,1792674.82848448
"566",10.0309756930315,59.2663499365194,-3585345.65696896,1792674.82848448
"567",10.0309756930315,59.2663499365194,-3585345.65696896,1792674.82848448
"568",10.0309756930315,59.2663499365194,-3585345.65696896,1792674.82848448
"569",10.0309756930315,59.2663499365194,-3585345.65696896,1792674.82848448
"570",10.0309756930315,59.2663499365194,-3585345.65696896,1792674.82848448
"571",10.0309756930315,59.2663499365194,-3585345.65696896,1792674.82848448
"572",10.0309756930315,59.2663499365194,-3585345.65696896,1792674.82848448
"573",10.0309756930315,59.2663499365194,-3585345.65696896,1792674.82848448
"574",10.0309756930315,59.2663499365194,-3585345.65696896,1792674.82848448
"575",10.0309756930315,59.2663499365194,-3585345.65696896,1792674.82848448
"576",10.0309756930315,59.2663499365194,-3585345.65696896,1792674.82848448
"577",10.0309756930315,59.2663499365194,-3585345.65696896,1792674.82848448
"578",10.0309756930315,59.2663499365194,-3585345.65696896,1792674.82848448
"579",10.0309756930315,59.2663499365194,-3585345.65696896,1792674.82848448
"580",10.0309756930315,59.2663499365194,-3585345.65696896,1792674.82848448
"581",10.0309756930315,59.2663499365194,-3585345.65696896,1792674.82848448
"582",10.0309756930315,59.2663499365194,-3585345.65696896,1792674.82848448
"583",10.0309756930315,59.2663499365194,-3585345.65696896,1792674.82848448
"584",10.0309756930315,59.2663499365194,-3585345.65696896,1792674.82848448
"585",10.0309756930315,59.2663499365194,-3585345.65696896,1792674.82848448
"586",10.0309756930315,59.2663499365194,-3585345.65696896,1792674.82848448
"587",10.0309756930315,59.2663499365194,-3585345.65696896,1792674.82848448
"588",10.0309756930315,59.2663499365194,-3585345.65696896,1792674.82848448
"589",10.0309756930315,59.2663499365194,-3585345.65696896,1792674.82848448
"590",10.0309756930315,59.2663499365194,-3585345.65696896,1792674.82848448
"591",10.0309756930315,59.2663499365194,-3585345.65696896,1792674.82848448
"592",10.0309756930315,59.2663499365194,-3585345.65696896,1792674.82848448
"593",10.0309756930315,59.2663499365194,-3585345.65696896,1792674.82848448
"594",10.0309756930315,59.2663499365194,-3585345.65696896,1792674.82848448
"595",10.0309756930315,59.2663499365194,-3585345.65696896,1792674.82848448
"596",10.0309756930315,59.2663499365194,-3585345.65696896,1792674.82848448
"597",10.0309756930315,59.2663499365194,-3585345.65696896,1792674.82848448
"598",10.0309756930315,59.2663499365194,-3585345.65696896,1792674.82848448
"599",10.0309756930315,59.2663499365194,-3585345.65696896,1792674.82848448
"600",10.0309756930315,59.2663499365194,-3585345.65696896,1792674.82848448
"601",10.0309756930315,59.2663499365194,-3585345.65696896,1792674.82848448
"602",10.0309756930315,59.2663499365194,-3585345.65696896,1792674.82848448
"603",10.0309756930315,59.2663499365194,-3585345.65696896,1792674.82848448
"604",10.0309756930315,59.2663499365194,-3585345.65696896,1792674.82848448
"605",10.0309756930315,59.2663499365194,-3585345.65696896,1792674.82848448
"606",10.0309756930315,59.2663499365194,-3585345.65696896,1792674.82848448
"607",10.0309756930315,59.2663499365194,-3585345.65696896,1792674.82848448
"608",10.0309756930315,59.2663499365194,-3585345.65696896,1792674.82848448
"609",10.0309756930315,59.2663499365194,-3585345.65696896,1792674.82848448
"610",10.0309756930315,59.2663499365194,-3585345.65696896,1792674.82848448
"611",10.0309756930315,59.2663499365194,-3585345.65696896,1792674.82848448
"612",10.0309756930315,59.2663499365194,-3585345.65696896,1792674.82848448
"613",10.0309756930315,59.2663499365194,-3585345.65696896,1792674.82848448
"614",10.0309756930315,59.2663499365194,-3585345.65696896,1792674.82848448
"615",10.0309756930315,59.2663499365194,-3585345.65696896,1792674.82848448
"616",10.0309756930315,59.2663499365194,-3585345.65696896,1792674.82848448
"617",10.0309756930315,59.2663499365194,-3585345.65696896,1792674.82848448
"618",10.0309756930315,59.2663499365194,-3585345.65696896,1792674.82848448
"619",10.0309756930315,59.2663499365194,-3585345.65696896,1792674.82848448
"620",10.0309756930315,59.2663499365194,-3585345.65696896,1792674.82848448
"621",10.0309756930315,59.2663499365194,-3585345.65696896,1792674.82848448
"622",10.0309756930315,59.2663499365194,-3585345.65696896,1792674.82848448
"623",10.0309756930315,59.2663499365194,-3585345.65696896,1792674.82848448
"624",10.0309756930315,59.2663499365194,-3585345.65696896,1792674.82848448
"625",10.0309756930315,59.2663499365194,-3585345.65696896,1792674.82848448
"626",10.0309756930315,59.2663499365194,-3585345.65696896,1792674.82848448
"627",10.0309756930315,59.2663499365194,-3585345.65696896,1792674.82848448
"628",10.0309756930315,59.2663499365194,-3585345.65696896,1792674.82848448
"629",10.0309756930315,59.2663499365194,-3585345.65696896,1792674.82848448
"630",10.0309756930315,59.2663499365194,-3585345.65696896,1792674.82848448
"631",10.0309756930315,59.2663499365194,-3585345.65696896,1792674.82848448
"632",10.0309756930315,59.2663499365194,-3585345.65696896,1792674.82848448
"633",10.0309756930315,59.2663499365194,-3585345.65696896,1792674.82848448
"634",10.0309756930315,59.2663499365194,-3585345.65696896,1792674.82848448
"635",10.0309756930315,59.2663499365194,-3585345.65696896,1792674.82848448
"636",10.0309756930315,59.2663499365194,-3585345.65696896,1792674.82848448
"637",10.0309756930315,59.2663499365194,-3585345.65696896,1792674.82848448
"638",10.0309756930315,59.2663499365194,-3585345.65696896,1792674.82848448
"639",10.0309756930315,59.2663499365194,-3585345.65696896,1792674.82848448
"640",10.0309756930315,59.2663499365194,-3585345.65696896,1792674.82848448
"641",10.0309756930315,59.2663499365194,-3585345.65696896,1792674.82848448
"642",10.0309756930315,59.2663499365194,-3585345.65696896,1792674.82848448
"643",10.0309756930315,59.2663499365194,-3585345.65696896,1792674.82848448
"644",10.0309756930315,59.2663499365194,-3585345.65696896,1792674.82848448
"645",10.0309756930315,59.2663499365194,-3585345.65696896,1792674.82848448
"646",10.0309756930315,59.2663499365194,-3585345.65696896,1792674.82848448
"647",10.0309756930315,59.2663499365194,-3585345.65696896,1792674.82848448
"648",10.0309756930315,59.2663499365194,-3585345.65696896,1792674.82848448
"649",10.0309756930315,59.2663499365194,-3585345.65696896,1792674.82848448
"650",10.0309756930315,59.2663499365194,-3585345.65696896,1792674.82848448
"651",10.0309756930315,59.2663499365194,-3585345.65696896,1792674.82848448
"652",10.0309756930315,59.2663499365194,-3585345.65696896,1792674.82848448
"653",10.0309756930315,59.2663499365194,-3585345.65696896,1792674.82848448
"654",10.0309756930315,59.2663499365194,-3585345.65696896,1792674.82848448
"655",10.0309756930315,59.2663499365194,-3585345.65696896,1792674.82848448
"656",10.0309756930315,59.2663499365194,-3585345.65696896,1792674.82848448
"657",10.0309756930315,59.2663499365194,-3585345.65696896,1792674.82848448
"658",10.0309756930315,59.2663499365194,-3585345.65696896,1792674.82848448
"659",10.0309756930315,59.2663499365194,-3585345.65696896,1792674.82848448
"660",10.0309756930315,59.2663499365194,-3585345.65696896,1792674.82848448
"661",10.0309756930315,59.2663499365194,-3585345.65696896,1792674.82848448
"662",10.0309756930315,59.2663499365194,-3585345.65696896,1792674.82848448
"663",10.0309756930315,59.2663499365194,-3585345.65696896,1792674.82848448
"664",10.0309756930315,59.2663499365194,-3585345.65696896,1792674.82848448
"665",10.0309756930315,59.2663499365194,-3585345.65696896,1792674.82848448
"666",10.0309756930315,59.2663499365194,-3585345.65696896,1792674.82848448
"667",10.0309756930315,59.2663499365194,-3585345.65696896,1792674.82848448
"668",10.0309756930315,59.2663499365194,-3585345.65696896,1792674.82848448
"669",10.0309756930315,59.2663499365194,-3585345.65696896,1792674.82848448
"670",10.0309756930315,59.2663499365194,-3585345.65696896,1792674.82848448
"671",10.0309756930315,59.2663499365194,-3585345.65696896,1792674.82848448
"672",10.0309756930315,59.2663499365194,-3585345.65696896,1792674.82848448
"673",10.0309756930315,59.2663499365194,-3585345.65696896,1792674.82848448
"674",10.0309756930315,59.2663499365194,-3585345.65696896,1792674.82848448
"675",10.0309756930315,59.2663499365194,-3585345.65696896,1792674.82848448
"676",10.0309756930315,59.2663499365194,-3585345.65696896,1792674.82848448
"677",10.0309756930315,59.2663499365194,-3585345.65696896,1792674.82848448
"678",10.0309756930315,59.2663499365194,-3585345.65696896,1792674.82848448
"679",10.0309756930315,59.2663499365194,-3585345.65696896,1792674.82848448
"680",10.0309756930315,59.2663499365194,-3585345.65696896,1792674.82848448
"681",10.0309756930315,59.2663499365194,-3585345.65696896,1792674.82848448
"682",10.0309756930315,59.2663499365194,-3585345.65696896,1792674.82848448
"683",10.0309756930315,59.2663499365194,-3585345.65696896,1792674.82848448
"684",10.0309756930315,59.2663499365194,-3585345.65696896,1792674.82848448
"685",10.0309756930315,59.2663499365194,-3585345.65696896,1792674.82848448
"686",10.0309756930315,59.2663499365194,-3585345.65696896,1792674.82848448
"687",10.0309756930315,59.2663499365194,-3585345.65696896,1792674.82848448
"688",10.0309756930315,59.2663499365194,-3585345.65696896,1792674.82848448
"689",10.0309756930315,59.2663499365194,-3585345.65696896,1792674.82848448
"690",10.0309756930315,59.2663499365194,-3585345.65696896,1792674.82848448
"691",10.0309756930315,59.2663499365194,-3585345.65696896,1792674.82848448
"692",10.0309756930315,59.2663499365194,-3585345.65696896,1792674.82848448
"693",10.0309756930315,59.2663499365194,-3585345.65696896,1792674.82848448
"694",10.0309756930315,59.2663499365194,-3585345.65696896,1792674.82848448
"695",10.0309756930315,59.2663499365194,-3585345.65696896,1792674.82848448
"696",10.0309756930315,59.2663499365194,-3585345.65696896,1792674.82848448
"697",10.0309756930315,59.2663499365194,-3585345.65696896,1792674.82848448
"698",10.0309756930315,59.2663499365194,-3585345.65696896,1792674.82848448
"699",10.0309756930315,59.2663499365194,-3585345.65696896,1792674.82848448
"700",10.0309756930315,59.2663499365194,-3585345.65696896,1792674.82848448
"701",10.0309756930315,59.2663499365194,-3585345.65696896,1792674.82848448
"702",10.0309756930315,59.2663499365194,-3585345.65696896,1792674.82848448
"703",10.0309756930315,59.2663499365194,-3585345.65696896,1792674.82848448
"704",10.0309756930315,59.2663499365194,-3585345.65696896,1792674.82848448
"705",10.0309756930315,59.2663499365194,-3585345.65696896,1792674.82848448
"706",10.0309756930315,59.2663499365194,-3585345.65696896,1792674.82848448
"707",10.0309756930315,59.2663499365194,-3585345.65696896,1792674.82848448
"708",10.0309756930315,59.2663499365194,-3585345.65696896,1792674.82848448
"709",10.0309756930315,59.2663499365194,-3585345.65696896,1792674.82848448
"710",10.0309756930315,59.2663499365194,-3585345.65696896,1792674.82848448
"711",10.0309756930315,59.2663499365194,-3585345.65696896,1792674.82848448
"712",10.0309756930315,59.2663499365194,-3585345.65696896,1792674.82848448
"713",10.0309756930315,59.2663499365194,-3585345.65696896,1792674.82848448
"714",10.0309756930315,59.2663499365194,-3585345.65696896,1792674.82848448
"715",10.0309756930315,59.2663499365194,-3585345.65696896,1792674.82848448
"716",10.0309756930315,59.2663499365194,-3585345.65696896,1792674.82848448
"717",10.0309756930315,59.2663499365194,-3585345.65696896,1792674.82848448
"718",10.0309756930315,59.2663499365194,-3585345.65696896,1792674.82848448
"719",10.0309756930315,59.2663499365194,-3585345.65696896,1792674.82848448
"720",10.0309756930315,59.2663499365194,-3585345.65696896,1792674.82848448
"721",10.0309756930315,59.2663499365194,-3585345.65696896,1792674.82848448
"722",10.0309756930315,59.2663499365194,-3585345.65696896,1792674.82848448
"723",10.0309756930315,59.2663499365194,-3585345.65696896,1792674.82848448
"724",10.0309756930315,59.2663499365194,-3585345.65696896,1792674.82848448
"725",10.0309756930315,59.2663499365194,-3585345.65696896,1792674.82848448
"726",10.0309756930315,59.2663499365194,-3585345.65696896,1792674.82848448
"727",10.0309756930315,59.2663499365194,-3585345.65696896,1792674.82848448
"728",10.0309756930315,59.2663499365194,-3585345.65696896,1792674.82848448
"729",10.0309756930315,59.2663499365194,-3585345.65696896,1792674.82848448
"730",10.0309756930315,59.2663499365194,-3585345.65696896,1792674.82848448
"731",10.0309756930315,59.2663499365194,-3585345.65696896,1792674.82848448
"732",10.0309756930315,59.2663499365194,-3585345.65696896,1792674.82848448
"733",10.0309756930315,59.2663499365194,-3585345.65696896,1792674.82848448
"734",10.0309756930315,59.2663499365194,-3585345.65696896,1792674.82848448
"735",10.0309756930315,59.2663499365194,-3585345.65696896,1792674.82848448
"736",10.0309756930315,59.2663499365194,-3585345.65696896,1792674.82848448
"737",10.0309756930315,59.2663499365194,-3585345.65696896,1792674.82848448
"738",10.0309756930315,59.2663499365194,-3585345.65696896,1792674.82848448
"739",10.0309756930315,59.2663499365194,-3585345.65696896,1792674.82848448
"740",10.0309756930315,59.2663499365194,-3585345.65696896,1792674.82848448
"741",10.0309756930315,59.2663499365194,-3585345.65696896,1792674.82848448
"742",10.0309756930315,59.2663499365194,-3585345.65696896,1792674.82848448
"743",10.0309756930315,59.2663499365194,-3585345.65696896,1792674.82848448
"744",10.0309756930315,59.2663499365194,-3585345.65696896,1792674.82848448
"745",10.0309756930315,59.2663499365194,-3585345.65696896,1792674.82848448
"746",10.0309756930315,59.2663499365194,-3585345.65696896,1792674.82848448
"747",10.0309756930315,59.2663499365194,-3585345.65696896,1792674.82848448
"748",10.0309756930315,59.2663499365194,-3585345.65696896,1792674.82848448
"749",10.0309756930315,59.2663499365194,-3585345.65696896,1792674.82848448
"750",10.0309756930315,59.2663499365194,-3585345.65696896,1792674.82848448
"751",10.0309756930315,59.2663499365194,-3585345.65696896,1792674.82848448
"752",10.0309756930315,59.2663499365194,-3585345.65696896,1792674.82848448
"753",10.0309756930315,59.2663499365194,-3585345.65696896,1792674.82848448
"754",10.0309756930315,59.2663499365194,-3585345.65696896,1792674.82848448
"755",10.0309756930315,59.2663499365194,-3585345.65696896,1792674.82848448
"756",10.0309756930315,59.2663499365194,-3585345.65696896,1792674.82848448
"757",10.0309756930315,59.2663499365194,-3585345.65696896,1792674.82848448
"758",10.0309756930315,59.2663499365194,-3585345.65696896,1792674.82848448
"759",10.0309756930315,59.2663499365194,-3585345.65696896,1792674.82848448
"760",10.0309756930315,59.2663499365194,-3585345.65696896,1792674.82848448
"761",10.0309756930315,59.2663499365194,-3585345.65696896,1792674.82848448
"762",10.0309756930315,59.2663499365194,-3585345.65696896,1792674.82848448
"763",10.0309756930315,59.2663499365194,-3585345.65696896,1792674.82848448
"764",10.0309756930315,59.2663499365194,-3585345.65696896,1792674.82848448
"765",10.0309756930315,59.2663499365194,-3585345.65696896,1792674.82848448
"766",10.0309756930315,59.2663499365194,-3585345.65696896,1792674.82848448
"767",10.0309756930315,59.2663499365194,-3585345.65696896,1792674.82848448
"768",10.0309756930315,59.2663499365194,-3585345.65696896,1792674.82848448
"769",10.0309756930315,59.2663499365194,-3585345.65696896,1792674.82848448
"770",10.0309756930315,59.2663499365194,-3585345.65696896,1792674.82848448
"771",10.0309756930315,59.2663499365194,-3585345.65696896,1792674.82848448
"772",10.0309756930315,59.2663499365194,-3585345.65696896,1792674.82848448
"773",10.0309756930315,59.2663499365194,-3585345.65696896,1792674.82848448
"774",10.0309756930315,59.2663499365194,-3585345.65696896,1792674.82848448
"775",10.0309756930315,59.2663499365194,-3585345.65696896,1792674.82848448
"776",10.0309756930315,59.2663499365194,-3585345.65696896,1792674.82848448
"777",10.0309756930315,59.2663499365194,-3585345.65696896,1792674.82848448
"778",10.0309756930315,59.2663499365194,-3585345.65696896,1792674.82848448
"779",10.0309756930315,59.2663499365194,-3585345.65696896,1792674.82848448
"780",10.0309756930315,59.2663499365194,-3585345.65696896,1792674.82848448
"781",10.0309756930315,59.2663499365194,-3585345.65696896,1792674.82848448
"782",10.0309756930315,59.2663499365194,-3585345.65696896,1792674.82848448
"783",10.0309756930315,59.2663499365194,-3585345.65696896,1792674.82848448
"784",10.0309756930315,59.2663499365194,-3585345.65696896,1792674.82848448
"785",10.0309756930315,59.2663499365194,-3585345.65696896,1792674.82848448
"786",10.0309756930315,59.2663499365194,-3585345.65696896,1792674.82848448
"787",10.0309756930315,59.2663499365194,-3585345.65696896,1792674.82848448
"788",10.0309756930315,59.2663499365194,-3585345.65696896,1792674.82848448
"789",10.0309756930315,59.2663499365194,-3585345.65696896,1792674.82848448
"790",10.0309756930315,59.2663499365194,-3585345.65696896,1792674.82848448
"791",10.0309756930315,59.2663499365194,-3585345.65696896,1792674.82848448
"792",10.0309756930315,59.2663499365194,-3585345.65696896,1792674.82848448
"793",10.0309756930315,59.2663499365194,-3585345.65696896,1792674.82848448
"794",10.0309756930315,59.2663499365194,-3585345.65696896,1792674.82848448
"795",10.0309756930315,59.2663499365194,-3585345.65696896,1792674.82848448
"796",10.0309756930315,59.2663499365194,-3585345.65696896,1792674.82848448
"797",10.0309756930315,59.2663499365194,-3585345.65696896,1792674.82848448
"798",10.0309756930315,59.2663499365194,-3585345.65696896,1792674.82848448
"799",10.0309756930315,59.2663499365194,-3585345.65696896,1792674.82848448
"800",10.0309756930315,59.2663499365194,-3585345.65696896,1792674.82848448
"801",10.0309756930315,59.2663499365194,-3585345.65696896,1792674.82848448
"802",10.0309756930315,59.2663499365194,-3585345.65696896,1792674.82848448
"803",10.0309756930315,59.2663499365194,-3585345.65696896,1792674.82848448
"804",10.0309756930315,59.2663499365194,-3585345.65696896,1792674.82848448
"805",10.0309756930315,59.2663499365194,-3585345.65696896,1792674.82848448
"806",10.0309756930315,59.2663499365194,-3585345.65696896,1792674.82848448
"807",10.0309756930315,59.2663499365194,-3585345.65696896,1792674.82848448
"808",10.0309756930315,59.2663499365194,-3585345.65696896,1792674.82848448
"809",10.0309756930315,59.2663499365194,-3585345.65696896,1792674.82848448
"810",10.0309756930315,59.2663499365194,-3585345.65696896,1792674.82848448
"811",10.0309756930315,59.2663499365194,-3585345.65696896,1792674.82848448
"812",10.0309756930315,59.2663499365194,-3585345.65696896,1792674.82848448
"813",10.0309756930315,59.2663499365194,-3585345.65696896,1792674.82848448
"814",10.0309756930315,59.2663499365194,-3585345.65696896,1792674.82848448
"815",10.0309756930315,59.2663499365194,-3585345.65696896,1792674.82848448
"816",10.0309756930315,59.2663499365194,-3585345.65696896,1792674.82848448
"817",10.0309756930315,59.2663499365194,-3585345.65696896,1792674.82848448
"818",10.0309756930315,59.2663499365194,-3585345.65696896,1792674.82848448
"819",10.0309756930315,59.2663499365194,-3585345.65696896,1792674.82848448
"820",10.0309756930315,59.2663499365194,-3585345.65696896,1792674.82848448
"821",10.0309756930315,59.2663499365194,-3585345.65696896,1792674.82848448
"822",10.0309756930315,59.2663499365194,-3585345.65696896,1792674.82848448
"823",10.0309756930315,59.2663499365194,-3585345.65696896,1792674.82848448
"824",10.0309756930315,59.2663499365194,-3585345.65696896,1792674.82848448
"825",10.0309756930315,59.2663499365194,-3585345.65696896,1792674.82848448
"826",10.0309756930315,59.2663499365194,-3585345.65696896,1792674.82848448
"827",10.0309756930315,59.2663499365194,-3585345.65696896,1792674.82848448
"828",10.0309756930315,59.2663499365194,-3585345.65696896,1792674.82848448
"829",10.0309756930315,59.2663499365194,-3585345.65696896,1792674.82848448
"830",10.0309756930315,59.2663499365194,-3585345.65696896,1792674.82848448
"831",10.0309756930315,59.2663499365194,-3585345.65696896,1792674.82848448
"832",10.0309756930315,59.2663499365194,-3585345.65696896,1792674.82848448
"833",10.0309756930315,59.2663499365194,-3585345.65696896,1792674.82848448
"834",10.0309756930315,59.2663499365194,-3585345.65696896,1792674.82848448
"835",10.0309756930315,59.2663499365194,-3585345.65696896,1792674.82848448
"836",10.0309756930315,59.2663499365194,-3585345.65696896,1792674.82848448
"837",10.0309756930315,59.2663499365194,-3585345.65696896,1792674.82848448
"838",10.0309756930315,59.2663499365194,-3585345.65696896,1792674.82848448
"839",10.0309756930315,59.2663499365194,-3585345.65696896,1792674.82848448
"840",10.0309756930315,59.2663499365194,-3585345.65696896,1792674.82848448
"841",10.0309756930315,59.2663499365194,-3585345.65696896,1792674.82848448
"842",10.0309756930315,59.2663499365194,-3585345.65696896,1792674.82848448
"843",10.0309756930315,59.2663499365194,-3585345.65696896,1792674.82848448
"844",10.0309756930315,59.2663499365194,-3585345.65696896,1792674.82848448
"845",10.0309756930315,59.2663499365194,-3585345.65696896,1792674.82848448
"846",10.0309756930315,59.2663499365194,-3585345.65696896,1792674.82848448
"847",10.0309756930315,59.2663499365194,-3585345.65696896,1792674.82848448
"848",10.0309756930315,59.2663499365194,-3585345.65696896,1792674.82848448
"849",10.0309756930315,59.2663499365194,-3585345.65696896,1792674.82848448
"850",10.0309756930315,59.2663499365194,-3585345.65696896,1792674.82848448
"851",10.0309756930315,59.2663499365194,-3585345.65696896,1792674.82848448
"852",10.0309756930315,59.2663499365194,-3585345.65696896,1792674.82848448
"853",10.0309756930315,59.2663499365194,-3585345.65696896,1792674.82848448
"854",10.0309756930315,59.2663499365194,-3585345.65696896,1792674.82848448
"855",10.0309756930315,59.2663499365194,-3585345.65696896,1792674.82848448
"856",10.0309756930315,59.2663499365194,-3585345.65696896,1792674.82848448
"857",10.0309756930315,59.2663499365194,-3585345.65696896,1792674.82848448
"858",10.0309756930315,59.2663499365194,-3585345.65696896,1792674.82848448
"859",10.0309756930315,59.2663499365194,-3585345.65696896,1792674.82848448
"860",10.0309756930315,59.2663499365194,-3585345.65696896,1792674.82848448
"861",10.0309756930315,59.2663499365194,-3585345.65696896,1792674.82848448
"862",10.0309756930315,59.2663499365194,-3585345.65696896,1792674.82848448
"863",10.0309756930315,59.2663499365194,-3585345.65696896,1792674.82848448
"864",10.0309756930315,59.2663499365194,-3585345.65696896,1792674.82848448
"865",10.0309756930315,59.2663499365194,-3585345.65696896,1792674.82848448
"866",10.0309756930315,59.2663499365194,-3585345.65696896,1792674.82848448
"867",10.0309756930315,59.2663499365194,-3585345.65696896,1792674.82848448
"868",10.0309756930315,59.2663499365194,-3585345.65696896,1792674.82848448
"869",10.0309756930315,59.2663499365194,-3585345.65696896,1792674.82848448
"870",10.0309756930315,59.2663499365194,-3585345.65696896,1792674.82848448
"871",10.0309756930315,59.2663499365194,-3585345.65696896,1792674.82848448
"872",10.0309756930315,59.2663499365194,-3585345.65696896,1792674.82848448
"873",10.0309756930315,59.2663499365194,-3585345.65696896,1792674.82848448
"874",10.0309756930315,59.2663499365194,-3585345.65696896,1792674.82848448
"875",10.0309756930315,59.2663499365194,-3585345.65696896,1792674.82848448
"876",10.0309756930315,59.2663499365194,-3585345.65696896,1792674.82848448
"877",10.0309756930315,59.2663499365194,-3585345.65696896,1792674.82848448
"878",10.0309756930315,59.2663499365194,-3585345.65696896,1792674.82848448
"879",10.0309756930315,59.2663499365194,-3585345.65696896,1792674.82848448
"880",10.0309756930315,59.2663499365194,-3585345.65696896,1792674.82848448
"881",10.0309756930315,59.2663499365194,-3585345.65696896,1792674.82848448
"882",10.0309756930315,59.2663499365194,-3585345.65696896,1792674.82848448
"883",10.0309756930315,59.2663499365194,-3585345.65696896,1792674.82848448
"884",10.0309756930315,59.2663499365194,-3585345.65696896,1792674.82848448
"885",10.0309756930315,59.2663499365194,-3585345.65696896,1792674.82848448
"886",10.0309756930315,59.2663499365194,-3585345.65696896,1792674.82848448
"887",10.0309756930315,59.2663499365194,-3585345.65696896,1792674.82848448
"888",10.0309756930315,59.2663499365194,-3585345.65696896,1792674.82848448
"889",10.0309756930315,59.2663499365194,-3585345.65696896,1792674.82848448
"890",10.0309756930315,59.2663499365194,-3585345.65696896,1792674.82848448
"891",10.0309756930315,59.2663499365194,-3585345.65696896,1792674.82848448
"892",10.0309756930315,59.2663499365194,-3585345.65696896,1792674.82848448
"893",10.0309756930315,59.2663499365194,-3585345.65696896,1792674.82848448
"894",10.0309756930315,59.2663499365194,-3585345.65696896,1792674.82848448
"895",10.0309756930315,59.2663499365194,-3585345.65696896,1792674.82848448
"896",10.0309756930315,59.2663499365194,-3585345.65696896,1792674.82848448
"897",10.0309756930315,59.2663499365194,-3585345.65696896,1792674.82848448
"898",10.0309756930315,59.2663499365194,-3585345.65696896,1792674.82848448
"899",10.0309756930315,59.2663499365194,-3585345.65696896,1792674.82848448
"900",10.0309756930315,59.2663499365194,-3585345.65696896,1792674.82848448
"901",10.0309756930315,59.2663499365194,-3585345.65696896,1792674.82848448
"902",10.0309756930315,59.2663499365194,-3585345.65696896,1792674.82848448
"903",10.0309756930315,59.2663499365194,-3585345.65696896,1792674.82848448
"904",10.0309756930315,59.2663499365194,-3585345.65696896,1792674.82848448
"905",10.0309756930315,59.2663499365194,-3585345.65696896,1792674.82848448
"906",10.0309756930315,59.2663499365194,-3585345.65696896,1792674.82848448
"907",10.0309756930315,59.2663499365194,-3585345.65696896,1792674.82848448
"908",10.0309756930315,59.2663499365194,-3585345.65696896,1792674.82848448
"909",10.0309756930315,59.2663499365194,-3585345.65696896,1792674.82848448
"910",10.0309756930315,59.2663499365194,-3585345.65696896,1792674.82848448
"911",10.0309756930315,59.2663499365194,-3585345.65696896,1792674.82848448
"912",10.0309756930315,59.2663499365194,-3585345.65696896,1792674.82848448
"913",10.0309756930315,59.2663499365194,-3585345.65696896,1792674.82848448
"914",10.0309756930315,59.2663499365194,-3585345.65696896,1792674.82848448
"915",10.0309756930315,59.2663499365194,-3585345.65696896,1792674.82848448
"916",10.0309756930315,59.2663499365194,-3585345.65696896,1792674.82848448
"917",10.0309756930315,59.2663499365194,-3585345.65696896,1792674.82848448
"918",10.0309756930315,59.2663499365194,-3585345.65696896,1792674.82848448
"919",10.0309756930315,59.2663499365194,-3585345.65696896,1792674.82848448
"920",10.0309756930315,59.2663499365194,-3585345.65696896,1792674.82848448
"921",10.0309756930315,59.2663499365194,-3585345.65696896,1792674.82848448
"922",10.0309756930315,59.2663499365194,-3585345.65696896,1792674.82848448
"923",10.0309756930315,59.2663499365194,-3585345.65696896,1792674.82848448
"924",10.0309756930315,59.2663499365194,-3585345.65696896,1792674.82848448
"925",10.0309756930315,59.2663499365194,-3585345.65696896,1792674.82848448
"926",10.0309756930315,59.2663499365194,-3585345.65696896,1792674.82848448
"927",10.0309756930315,59.2663499365194,-3585345.65696896,1792674.82848448
"928",10.0309756930315,59.2663499365194,-3585345.65696896,1792674.82848448
"929",10.0309756930315,59.2663499365194,-3585345.65696896,1792674.82848448
"930",10.0309756930315,59.2663499365194,-3585345.65696896,1792674.82848448
"931",10.0309756930315,59.2663499365194,-3585345.65696896,1792674.82848448
"932",10.0309756930315,59.2663499365194,-3585345.65696896,1792674.82848448
"933",10.0309756930315,59.2663499365194,-3585345.65696896,1792674.82848448
"934",10.0309756930315,59.2663499365194,-3585345.65696896,1792674.82848448
"935",10.0309756930315,59.2663499365194,-3585345.65696896,1792674.82848448
"936",10.0309756930315,59.2663499365194,-3585345.65696896,1792674.82848448
"937",10.0309756930315,59.2663499365194,-3585345.65696896,1792674.82848448
"938",10.0309756930315,59.2663499365194,-3585345.65696896,1792674.82848448
"939",10.0309756930315,59.2663499365194,-3585345.65696896,1792674.82848448
"940",10.0309756930315,59.2663499365194,-3585345.65696896,1792674.82848448
"941",10.0309756930315,59.2663499365194,-3585345.65696896,1792674.82848448
"942",10.0309756930315,59.2663499365194,-3585345.65696896,1792674.82848448
"943",10.0309756930315,59.2663499365194,-3585345.65696896,1792674.82848448
"944",10.0309756930315,59.2663499365194,-3585345.65696896,1792674.82848448
"945",10.0309756930315,59.2663499365194,-3585345.65696896,1792674.82848448
"946",10.0309756930315,59.2663499365194,-3585345.65696896,1792674.82848448
"947",10.0309756930315,59.2663499365194,-3585345.65696896,1792674.82848448
"948",10.0309756930315,59.2663499365194,-3585345.65696896,1792674.82848448
"949",10.0309756930315,59.2663499365194,-3585345.65696896,1792674.82848448
"950",10.0309756930315,59.2663499365194,-3585345.65696896,1792674.82848448
"951",10.0309756930315,59.2663499365194,-3585345.65696896,1792674.82848448
"952",10.0309756930315,59.2663499365194,-3585345.65696896,1792674.82848448
"953",10.0309756930315,59.2663499365194,-3585345.65696896,1792674.82848448
"954",10.0309756930315,59.2663499365194,-3585345.65696896,1792674.82848448
"955",10.0309756930315,59.2663499365194,-3585345.65696896,1792674.82848448
"956",10.0309756930315,59.2663499365194,-3585345.65696896,1792674.82848448
"957",10.0309756930315,59.2663499365194,-3585345.65696896,1792674.82848448
"958",10.0309756930315,59.2663499365194,-3585345.65696896,1792674.82848448
"959",10.0309756930315,59.2663499365194,-3585345.65696896,1792674.82848448
"960",10.0309756930315,59.2663499365194,-3585345.65696896,1792674.82848448
"961",10.0309756930315,59.2663499365194,-3585345.65696896,1792674.82848448
"962",10.0309756930315,59.2663499365194,-3585345.65696896,1792674.82848448
"963",10.0309756930315,59.2663499365194,-3585345.65696896,1792674.82848448
"964",10.0309756930315,59.2663499365194,-3585345.65696896,1792674.82848448
"965",10.0309756930315,59.2663499365194,-3585345.65696896,1792674.82848448
"966",10.0309756930315,59.2663499365194,-3585345.65696896,1792674.82848448
"967",10.0309756930315,59.2663499365194,-3585345.65696896,1792674.82848448
"968",10.0309756930315,59.2663499365194,-3585345.65696896,1792674.82848448
"969",10.0309756930315,59.2663499365194,-3585345.65696896,1792674.82848448
"970",10.0309756930315,59.2663499365194,-3585345.65696896,1792674.82848448
"971",10.0309756930315,59.2663499365194,-3585345.65696896,1792674.82848448
"972",10.0309756930315,59.2663499365194,-3585345.65696896,1792674.82848448
"973",10.0309756930315,59.2663499365194,-3585345.65696896,1792674.82848448
"974",10.0309756930315,59.2663499365194,-3585345.65696896,1792674.82848448
"975",10.0309756930315,59.2663499365194,-3585345.65696896,1792674.82848448
"976",10.0309756930315,59.2663499365194,-3585345.65696896,1792674.82848448
"977",10.0309756930315,59.2663499365194,-3585345.65696896,1792674.82848448
"978",10.0309756930315,59.2663499365194,-3585345.65696896,1792674.82848448
"979",10.0309756930315,59.2663499365194,-3585345.65696896,1792674.82848448
"980",10.0309756930315,59.2663499365194,-3585345.65696896,1792674.82848448
"981",10.0309756930315,59.2663499365194,-3585345.65696896,1792674.82848448
"982",10.0309756930315,59.2663499365194,-3585345.65696896,1792674.82848448
"983",10.0309756930315,59.2663499365194,-3585345.65696896,1792674.82848448
"984",10.0309756930315,59.2663499365194,-3585345.65696896,1792674.82848448
"985",10.0309756930315,59.2663499365194,-3585345.65696896,1792674.82848448
"986",10.0309756930315,59.2663499365194,-3585345.65696896,1792674.82848448
"987",10.0309756930315,59.2663499365194,-3585345.65696896,1792674.82848448
"988",10.0309756930315,59.2663499365194,-3585345.65696896,1792674.82848448
"989",10.0309756930315,59.2663499365194,-3585345.65696896,1792674.82848448
"990",10.0309756930315,59.2663499365194,-3585345.65696896,1792674.82848448
"991",10.0309756930315,59.2663499365194,-3585345.65696896,1792674.82848448
"992",10.0309756930315,59.2663499365194,-3585345.65696896,1792674.82848448
"993",10.0309756930315,59.2663499365194,-3585345.65696896,1792674.82848448
"994",10.0309756930315,59.2663499365194,-3585345.65696896,1792674.82848448
"995",10.0309756930315,59.2663499365194,-3585345.65696896,1792674.82848448
"996",10.0309756930315,59.2663499365194,-3585345.65696896,1792674.82848448
"997",10.0309756930315,59.2663499365194,-3585345.65696896,1792674.82848448
"998",10.0309756930315,59.2663499365194,-3585345.65696896,1792674.82848448
"999",10.0309756930315,59.2663499365194,-3585345.65696896,1792674.82848448
"1000",10.0309756930315,59.2663499365194,-3585345.65696896,1792674.82848448
